pdbid,smiles
1a30,P Q I T L W K R P L V T I K I G G Q L K E A L L D T G A D D T V I E E M S L P G R W K P K M I G G I G G F I K V R Q Y D Q I I I E I C G H K A I G T V L V G P T P V N I I G R N L L T Q I G C T L N F P Q I T L W K R P L V T I K I G G Q L K E A L L D T G A D D T V I E E M S L P G R W K P K M I G G I G G F I K V R Q Y D Q I I I E I C G H K A I G T V L V G P T P V N I I G R N L L T Q I G C T L N F </s> L L D T G A D D T V K M I G G I G G F I V L T I I G R N R L P P V N </s> C C ( C ) C [ C @ H ] ( N C ( = O ) [ C @ H ] ( C C ( = O ) [ O - ] ) N C ( = O ) [ C @ @ H ] ( [ N H 3 + ] ) C C C ( = O ) [ O - ] ) C ( = O ) [ O - ]
1bcu,I V E G S D A E I G M S P W Q V M L F R K S P Q E L L C G A S L I S D R W V L T A A H C L L Y P P W D K N F T E N D L L V R I G K H S R T R Y E R N I E K I S M L E K I Y I H P R Y N W R E N L D R D I A L M K L K K P V A F S D Y I H P V C L P D R E T A A S L L Q A G Y K G R V T G W G N L K E G Q P S V L Q V V N L P I V E R P V C K D S T R I R I T D N M F C A G Y K P D E G K R G D A C E G D S G G P F V M K S P F N N R W Y Q M G I V S W G E G C D R D G K Y G F Y T H V F R L K K W I Q K V I D Q F A D C G L R P L F E K K S L E D K T E R E L L E S Y </s> I V H W K L V N K E L A G D A C E G D S G G I V S W G E G C D R K Y G F Y </s> N c 1 c c c 2 c c 3 c c c ( N ) c c 3 n c 2 c 1
1bzc,E M E K E F E Q I D K S G S W A A I Y Q D I R H E A S D F P C R V A K L P K N K N R N R Y R D V S P F D H S R I K L H Q E D N D Y I N A S L I K M E E A Q R S Y I L T Q G P L P N T C G H F W E M V W E Q K S R G V V M L N R V M E K G S L K C A Q Y W P Q K E E K E M I F E D T N L K L T L I S E D I K S Y Y T V R Q L E L E N L T T Q E T R E I L H F H Y T T W P D F G V P E S P A S F L N F L F K V R E S G S L S P E H G P V V V H C S A G I G R S G T F C L A D T C L L L M D K R K D P S S V D I K K V L L D M R K F R M G L I Q T A E Q L R F S Y L A V I E G A K F I M G D S S V Q D Q W K E L S H E D </s> Y K N R Y R D V T Q G L N R E K K W P D F G H C S A G I G R S G T F R M G L I Q T Q </s> N C ( = O ) [ C @ H ] ( C C C ( = O ) [ O - ] ) N C ( = O ) c 1 c c c 2 c c ( C ( F ) ( F ) [ P + ] ( = O ) ( = O ) [ O - ] ) c c c 2 c 1
1c5z,I I G G E F T T I E N Q P W F A A I Y R R H R G G S V T Y V C G G S L M S P C W V I S A T H C F I D Y P K K E D Y I V Y L G R S R L N S N T Q G E M K F E V E N L I L H K D Y S A D T L A H H N D I A L L K I R S K E G R C A Q P S R T I Q T I C L P S M Y N D P Q F G T S C E I T G F G K E A S T D Y L Y P E Q L K M T V V K L I S H R E C Q Q P H Y Y G S E V T T K M L C A A D P Q W K T D S C Q G D S G G P L V C S L Q G R M T L T G I V S W G R G C A L K D K P G V Y T R V S H F L P W I R S H T </s> I H L H D I K S V Y A T D S C Q G D S G G I V S W G R G C A L K P G V Y </s> N C ( = [ N H 2 + ] ) c 1 c c c c c 1
1e66,S E L L V N T K S G K V M G T R V P V L S S H I S A F L G I P F A E P P V G N M R F R R P E P K K P W S G V W N A S T Y P N N C Q Q Y V D E Q F P G F S G S E M W N P N R E M S E D C L Y L N I W V P S P R P K S T T V M V W I Y G G G F Y S G S S T L D V Y N G K Y L A Y T E E V V L V S L S Y R V G A F G F L A L H G S Q E A P G N V G L L D Q R M A L Q W V H D N I Q F F G G D P K T V T I F G E S A G G A S V G M H I L S P G S R D L F R R A I L Q S G S P N C P W A S V S V A E G R R R A V E L G R N L N C N L N S D E E L I H C L R E K K P Q E L I D V E W N V L P F D S I F R F S F V P V I D G E F F P T S L E S M L N S G N F K K T Q I L L G V N K D E G S F F L L Y G A P G F S K D S E S K I S R E D F M S G V K L S V P H A N D L G L D A V T L Q Y T D W M D D N N G I K N R D G L D D I V G D H N V I C P L M H F V N K Y T K F G N G T Y L Y F F N H R A S N L V W P E W M G V I H G Y E I E F V F G L P L V K E L N Y T A E E E A L S R R I M H Y W A T F A K T G N P N E P H S Q E S K W P L F T T K E Q K F I D L N T E P M K V H Q R L R V Q M C V F W N Q F L P K L L N A T S E L L V N T K S G K V M G T R V P V L S S H I S A F L G I P F A E P P V G N M R F R R P E P K K P W S G V W N A S T Y P N N C Q Q Y V D E Q F P G F S G S E M W N P N R E M S E D C L Y L N I W V P S P R P K S T T V M V W I Y G G G F Y S G S S T L D V Y N G K Y L A Y T E E V V L V S L S Y R V G A F G F L A L H G S Q E A P G N V G L L D Q R M A L Q W V H D N I Q F F G G D P K T V T I F G E S A G G A S V G M H I L S P G S R D L F R R A I L Q S G S P N C P W A S V S V A E G R R R A V E L G R N L N C N L N S D E E L I H C L R E K K P Q E L I D V E W N V L P F D S I F R F S F V P V I D G E F F P T S L E S M L N S G N F K K T Q I L L G V N K D E G S F F L L Y G A P G F S K D S E S K I S R E D F M S G V K L S V P H A N D L G L D A V T L Q Y T D W M D D N N G I K N R D G L D D I V G D H N V I C P L M H F V N K Y T K F G N G T Y L Y F F N H R A S N L V W P E W M G V I H G Y E I E F V F G L P L V K E L N Y T A E E E A L S R R I M H Y W A T F A K T G N P N E P H S Q E S K W P L F T T K E Q K F I D L N T E P M K V H Q R L R V Q M C V F W N Q F L P K L L N A T </s> Q D F F S G S E M W N W Y G G G F Y S G S L V Y E S A G S W W F R F N E S F F L Y K L W P M I H G Y E I </s> C C C 1 = C [ C @ @ H ] 2 C c 3 n c 4 c c ( C l ) c c c 4 c ( N ) c 3 [ C @ H ] ( C 1 ) C 2
1eby,P Q I T L W Q R P L V T I K I G G Q L K E A L L D T G A D D T V L E E M N L P G R W K P K M I G G I G G F I K V R Q Y D Q I L I E I C G H K A I G T V L V G P T P V N I I G R N L L T Q I G C T L N F P Q I T L W Q R P L V T I K I G G Q L K E A L L D T G A D D T V L E E M N L P G R W K P K M I G G I G G F I K V R Q Y D Q I L I E I C G H K A I G T V L V G P T P V N I I G R N L L T Q I G C T L N F </s> R L L D T G A D D T V L K M I G G I G G F I V L T P V N I I G R N R L L L D T G A D D T V L K M I G G I G G F I V L T P V N I I G R N </s> O = C ( N [ C @ H ] 1 c 2 c c c c c 2 C [ C @ H ] 1 O ) [ C @ H ] ( O C c 1 c c c c c 1 ) [ C @ H ] ( O ) [ C @ @ H ] ( O ) [ C @ @ H ] ( O C c 1 c c c c c 1 ) C ( = O ) N [ C @ H ] 1 c 2 c c c c c 2 C [ C @ H ] 1 O
1g2k,P Q I T L W Q R P L V T I K I G G Q L K E A L L D T G A D D T V L E E M S L P G R W K P K M I G G I G G F I K V R Q Y D Q I L I E I C G H K A I G T V L V G P T P V N I I G R N L L T Q I G C T L N F P Q I T L W Q R P L V T I K I G G Q L K E A L L D T G A D D T V L E E M S L P G R W K P K M I G G I G G F I K V R Q Y D Q I L I E I C G H K A I G T V L V G P T P V N I I G R N L L T Q I G C T L N F </s> R L L D T G A D D T V L K M I G G I G G F I L T P V N I I G R N L V </s> C N C ( = O ) c 1 c c c c ( C N 2 [ C @ H ] ( C O c 3 c c c c c 3 ) [ C @ H ] ( O ) [ C @ @ H ] ( O ) [ C @ @ H ] ( C O c 3 c c c c c 3 ) N ( C c 3 c c c c c 3 ) S 2 ( = O ) = O ) c 1
1gpk,S E L L V N T K S G K V M G T R V P V L S S H I S A F L G I P F A E P P V G N M R F R R P E P K K P W S G V W N A S T Y P N N C Q Q Y V D E Q F P G F S G S E M W N P N R E M S E D C L Y L N I W V P S P R P K S T T V M V W I Y G G G F Y S G S S T L D V Y N G K Y L A Y T E E V V L V S L S Y R V G A F G F L A L H G S Q E A P G N V G L L D Q R M A L Q W V H D N I Q F F G G D P K T V T I F G E S A G G A S V G M H I L S P G S R D L F R R A I L Q S G S P N C P W A S V S V A E G R R R A V E L G R N L N C N L N S D E E L I H C L R E K K P Q E L I D V E W N V L P F D S I F R F S F V P V I D G E F F P T S L E S M L N S G N F K K T Q I L L G V N K D E G S F F L L Y G A P G F S K D S E S K I S R E D F M S G V K L S V P H A N D L G L D A V T L Q Y T D W M D D N N G I K N R D G L D D I V G D H N V I C P L M H F V N K Y T K F G N G T Y L Y F F N H R A S N L V W P E W M G V I H G Y E I E F V F G L P L V K E L N Y T A E E E A L S R R I M H Y W A T F A K T G N P N E P E S K W P L F T T K E Q K F I D L N T E P M K V H Q R L R V Q M C V F W N Q F L P K L L N A T </s> Q Y D G S M W N P W I Y G G G F Y S G S S T L V Y Y E S A G G S W W F F E F F Y W M I H G Y I </s> C / C = C 1 \ [ C @ @ H ] 2 C = C ( C ) C [ C @ @ ] 1 ( [ N H 3 + ] ) c 1 c c c ( = O ) [ n H ] c 1 C 2
1gpn,S E L L V N T K S G K V M G T R V P V L S S H I S A F L G I P F A E P P V G N M R F R R P E P K K P W S G V W N A S T Y P N N C Q Q Y V D E Q F P G F S G S E M W N P N R E M S E D C L Y L N I W V P S P R P K S T T V M V W I Y G G G F Y S G S S T L D V Y N G K Y L A Y T E E V V L V S L S Y R V G A F G F L A L H G S Q E A P G N V G L L D Q R M A L Q W V H D N I Q F F G G D P K T V T I F G E S A G G A S V G M H I L S P G S R D L F R R A I L Q S G S P N C P W A S V S V A E G R R R A V E L G R N L N C N L N S D E E L I H C L R E K K P Q E L I D V E W N V L P F D S I F R F S F V P V I D G E F F P T S L E S M L N S G N F K K T Q I L L G V N K D E G S F F L L Y G A P G F S K D S E S K I S R E D F M S G V K L S V P H A N D L G L D A V T L Q Y T D W M D D N N G I K N R D G L D D I V G D H N V I C P L M H F V N K Y T K F G N G T Y L Y F F N H R A S N L V W P E W M G V I H G Y E I E F V F G L P L V K E L N Y T A E E E A L S R R I M H Y W A T F A K T G N P N E P H S K W P L F T T K E Q K F I D L N T E P M K V H Q R L R V Q M C V F W N Q F L P K L L N A T </s> Q Y D G S E M W N P W I Y G G G F Y S G S S T L V Y Y E S A G G Q S W W F R F E F F Y W I H G Y I </s> C C 1 = C [ C @ H ] 2 C c 3 [ n H ] c ( = O ) c c c 3 [ C @ ] 3 ( C 1 ) [ N H 2 + ] C C C [ C @ H ] 2 3
1h22,S E L L V N T K S G K V M G T R V P V L S S H I S A F L G I P F A E P P V G N M R F R R P E P K K P W S G V W N A S T Y P N N C Q Q Y V D E Q F P G F S G S E M W N P N R E M S E D C L Y L N I W V P S P R P K S T T V M V W I Y G G G F Y S G S S T L D V Y N G K Y L A Y T E E V V L V S L S Y R V G A F G F L A L H G S Q E A P G N V G L L D Q R M A L Q W V H D N I Q F F G G D P K T V T I F G E S A G G A S V G M H I L S P G S R D L F R R A I L Q S G S P N C P W A S V S V A E G R R R A V E L G R N L N C N L N S D E E L I H C L R E K K P Q E L I D V E W N V L P F D S I F R F S F V P V I D G E F F P T S L E S M L N S G N F K K T Q I L L G V N K D E G S F F L L Y G A P G F S K D S E S K I S R E D F M S G V K L S V P H A N D L G L D A V T L Q Y T D W M D D N N G I K N R D G L D D I V G D H N V I C P L M H F V N K Y T K F G N G T Y L Y F F N H R A S N L V W P E W M G V I H G Y E I E F V F G L P L V K E L N Y T A E E E A L S R R I M H Y W A T F A K T G N P N E P S K W P L F T T K E Q K F I D L N T E P M K V H Q R L R V Q M C V F W N Q F L P K L L N A T A </s> Q Y V D E Q G S M W N P W I Y G G G F Y S G S S T L V Y Y V E S A G E W N L F D S I F R F S N E G S F F L L Y G A L V N W M I H G Y E I </s> O = c 1 c c c 2 c ( [ n H ] 1 ) C C C [ C @ @ H ] 2 [ N H 2 + ] C C C C C C C C C C [ N H 2 + ] [ C @ H ] 1 C C C c 2 [ n H ] c ( = O ) c c c 2 1
1h23,S E L L V N T K S G K V M G T R V P V L S S H I S A F L G I P F A E P P V G N M R F R R P E P K K P W S G V W N A S T Y P N N C Q Q Y V D E Q F P G F S G S E M W N P N R E M S E D C L Y L N I W V P S P R P K S T T V M V W I Y G G G F Y S G S S T L D V Y N G K Y L A Y T E E V V L V S L S Y R V G A F G F L A L H G S Q E A P G N V G L L D Q R M A L Q W V H D N I Q F F G G D P K T V T I F G E S A G G A S V G M H I L S P G S R D L F R R A I L Q S G S P N C P W A S V S V A E G R R R A V E L G R N L N C N L N S D E E L I H C L R E K K P Q E L I D V E W N V L P F D S I F R F S F V P V I D G E F F P T S L E S M L N S G N F K K T Q I L L G V N K D E G S F F L L Y G A P G F S K D S E S K I S R E D F M S G V K L S V P H A N D L G L D A V T L Q Y T D W M D D N N G I K N R D G L D D I V G D H N V I C P L M H F V N K Y T K F G N G T Y L Y F F N H R A S N L V W P E W M G V I H G Y E I E F V F G L P L V K E L N Y T A E E E A L S R R I M H Y W A T F A K T G N P N E P S K W P L F T T K E Q K F I D L N T E P M K V H Q R L R V Q M C V F W N Q F L P K L L N A T </s> Q Y V D E Q G S M W N P W I Y G G G F Y S G S S T L V Y Y V E S A G Q S E W N L F D S I F R F S N E G S F F L L Y G A L V N W M I H G Y E I </s> O = c 1 c c c 2 c ( [ n H ] 1 ) C C C [ C @ @ H ] 2 [ N H 2 + ] C C C C C C C C C C C C [ N H 2 + ] [ C @ H ] 1 C C C c 2 [ n H ] c ( = O ) c c c 2 1
1k1i,I V G G Y T C G A N T V P Y Q V S L N S G Y H F C G G S L I N S Q W V V S A A H C Y K S G I Q V R L G E D N I N V V E G N E Q F I S A S K S I V H P S Y N S N T L N N D I M L I K L K S A A S L N S R V A S I S L P T S C A S A G T Q C L I S G W G N T K S S G T S Y P D V L K C L K A P I L S D S S C K S A Y P G Q I T S N M F C A G Y L E G G K D S C Q G D S G G P V V C S G K L Q G I V S W G S G C A Q K N K P G V Y T K V C N Y V S W I K Q T I A S N </s> V F C A H C Y S N T L D I N Y Y Q A K D S C Q G D S G G I V S W G S G C A Q K P G V Y </s> N C ( = [ N H 2 + ] ) c 1 c c c c ( C [ C @ H ] ( N S ( = O ) ( = O ) c 2 c c c 3 c c c c c 3 c 2 ) C ( = O ) N 2 C C C C [ C @ @ H ] 2 C ( = O ) [ O - ] ) c 1
1lpg,I V G G Q E C K D G E C P W Q A L L I N E E N E G F C G G T I L S E F Y I L T A A H C L Y Q A K R F K V R V G D R N T E Q E E G G E A V H E V E V V I K H N R F T K E T Y D F D I A V L R L K T P I T F R M N V A P A C L P E R D W A E S T L M T Q K T G I V S G F G R T H E K G R Q S T R L K M L E V P Y V D R N S C K L S S S F I I T Q N M F C A G Y D T K Q E D A C Q G D S G G P H V T R F K D T Y F V T G I V S W G E G C A R K G K Y G I Y T K V T A F L K W I D R S M K T </s> I V H Q F T K E T Y D D V R T H E K G R Q V S S F I I M A G E D A C Q G D S G G V S W G E G C A R K Y G I Y </s> C [ N + ] ( C ) ( C ) c 1 c c c ( C N C ( = O ) c 2 c c 3 c c ( O C c 4 c c c c c 4 ) c c c 3 n 2 C c 2 c c c c ( C ( N ) = [ N H 2 + ] ) c 2 ) c c 1
1mq6,I V G G Q E C K D G E C P W Q A L L I N E E N E G F C G G T I L S E F Y I L T A A H C L Y Q A K R F K V R V G D R N T E Q E E G G E A V H E V E V V I K H N R F T K E T Y D F D I A V L R L K T P I T F R M N V A P A C L P E R D W A E S T L M T Q K T G I V S G F G R T H E K G R Q S T R L K M L E V P Y V D R N S C K L S S S F I I T Q N M F C A G Y D T K Q E D A C Q G D S G G P H V T R F K D T Y F V T G I V S W G E G C A R K G K Y G I Y T K V T A F L K W I D R S M K K L C S L D N G D C D Q F C H E E Q N S V V C S C A R G Y T L A D N G K A C I P T G P Y P C G K Q T L </s> I V H Q F T K E T Y D D V R H E K G V S S F I I T M F C A G E D A C Q G D S G G H I V S W G E G C A R K Y G I Y T </s> C O c 1 c c ( C l ) c c ( C ( = O ) N c 2 c c c ( C l ) c n 2 ) c 1 N C ( = O ) c 1 s c c ( C N ( C ) C 2 = N C C O 2 ) c 1 C l
1nc1,F S M K I G I I G A M E E E V T L L R D K I E N R Q T I S L G G C E I Y T G Q L N G T E V A L L K S G I G K V A A A L G A T L L L E H C K P D V I I N T G S A G G L A P T L K V G D I V V S D E A R Y H D A D V T A F G Y E Y G Q L P G C P A G F K A D D K L I A A A E A C I A E L N L N A V R G L I V S G D A F I N G S V G L A K I R H N F P Q A I A V E M E A T A I A H V C H N F N V P F V V V R A I S D V A D Q Q S H L S F D E F L A V A A K Q S S L M V E S L V Q K L A H G M K I G I I G A M E E E V T L L R D K I E N R Q T I S L G G C E I Y T G Q L N G T E V A L L K S G I G K V A A A L G A T L L L E H C K P D V I I N T G S A G G L A P T L K V G D I V V S D E A R Y H D A D V T A F G Y E Y G Q L P G C P A G F K A D D K L I A A A E A C I A E L N L N A V R G L I V S G D A F I N G S V G L A K I R H N F P Q A I A V E M E A T A I A H V C H N F N V P F V V V R A I S D V A D Q Q S H L S F D E F L A V A A K Q S S L M V E S L V Q K L A H G </s> G A M E S G I G K N T G S A G G L H V S G D A F I N G L I A V E M E A T R A I S D V A D S H S F D L A D V A F Y L P </s> C S C [ C @ H ] 1 O [ C @ @ H ] ( n 2 c c c 3 c ( N ) n c n c 3 2 ) [ C @ H ] ( O ) [ C @ @ H ] 1 O
1nc3,E F S M K I G I I G A M E E E V T L L R D K I E N R Q T I S L G G C E I Y T G Q L N G T E V A L L K S G I G K V A A A L G A T L L L E H C K P D V I I N T G S A G G L A P T L K V G D I V V S D E A R Y H D A D V T A F G Y E Y G Q L P G C P A G F K A D D K L I A A A E A C I A E L N L N A V R G L I V S G D A F I N G S V G L A K I R H N F P Q A I A V E M E A T A I A H V C H N F N V P F V V V R A I S D V A D Q Q S H L S F D E F L A V A A K Q S S L M V E S L V Q K L A H G M K I G I I G A M E E E V T L L R D K I E N R Q T I S L G G C E I Y T G Q L N G T E V A L L K S G I G K V A A A L G A T L L L E H C K P D V I I N T G S A G G L A P T L K V G D I V V S D E A R Y H D A D V T A F G Y E Y G Q L P G C P A G F K A D D K L I A A A E A C I A E L N L N A V R G L I V S G D A F I N G S V G L A K I R H N F P Q A I A V E M E A T A I A H V C H N F N V P F V V V R A I S D V A D Q Q S H L S F D E F L A V A A K Q S S L M V E S L V Q K L A </s> G A M S G I G N T G S A G G L H V S G D A F I N G L I A V E M E A T R A I S D V A D S H S F L A D V F Y L P </s> N c 1 n c n c 2 c ( [ C @ @ H ] 3 O [ C @ H ] ( C O ) [ C @ @ H ] ( O ) [ C @ H ] 3 O ) n [ n H ] c 1 2
1nvq,V P F V E D W D L V Q T L G E G A Y G E V Q L A V N R V T E E A V A V K I V D M K N I K K E I C I N K M L N H E N V V K F Y G H R R E G N I Q Y L F L E Y C S G G E L F D R I E P D I G M P E P D A Q R F F H Q L M A G V V Y L H G I G I T H R D I K P E N L L L D E R D N L K I S D F G L A T V F R Y N N R E R L L N K M C G T L P Y V A P E L L K R R E F H A E P V D V W S C G I V L T A M L A G E L P W D Q P S D S C Q E Y S D W K E K K T Y L N P W K K I D S A P L A L L H K I L V E N P S A R I T I P D I K K D R W Y N K P L K K G A </s> Q T L G E G Y G E V Q L A V A V K I V E N V V K Y L F L E Y C S G G E L F D H D K P E N L L L D K I S D F G L </s> C [ N H 2 + ] [ C @ @ H ] 1 C [ C @ H ] 2 O [ C @ @ ] ( C ) ( [ C @ @ H ] 1 O C ) n 1 c 3 c c c c c 3 c 3 c 4 c ( c 5 c 6 c c c c c 6 n 2 c 5 c 3 1 ) C ( = O ) N [ C @ @ H ] 4 O
1o0h,K E T A A A K F E R Q H M D S S T S A A S S S N Y C N Q M M K S R N L T K D R C K P V N T F V H E S L A D V Q A V C S Q K N V A C K N G Q T N C Y Q S Y S T M S I T D C R E T G S S K Y P N C A Y K T T Q A N K H I I V A C E G N P Y V P V H F D A S V </s> E A A K F R Q H L R K V N T V A C K N G Q T N C Y V A C E V P V H F D </s> N c 1 n c n c 2 c 1 n c n 2 [ C @ @ H ] 1 O [ C @ H ] ( C O [ P @ ] ( = O ) ( [ O - ] ) O [ P + ] ( = O ) ( = O ) [ O - ] ) [ C @ @ H ] ( O ) [ C @ H ] 1 O
1o3f,I V G G Y T C G A N T V P Y Q V S L N S G Y H F C G G S L I N S Q W V V S A A H C Y K S G I Q V R L G E D N I N V V E G N E Q F I S A S K S I V H P S Y N S N T L N N D I M L I K L K S A A S L N S R V A S I S L P T S C A S A G T Q C L I S G W G N T K S S G T S Y P D V L K C L K A P I L S D S S C K S A Y P G Q I T S N M F C A G Y L E G G K D S C Q G D S G G P V V C S G K L Q G I V S W G S G C A Q K N K P G V Y T K V C N Y V S W I K Q T I A S N </s> I V Y H F C G A A H C Y K Y L D I N Y Y A K D S C Q G D S G G I V S W G S G C A Q K P G V Y </s> N C ( = [ N H 2 + ] ) c 1 c c c 2 [ n H ] c ( - c 3 c c c c ( - c 4 c c c c c 4 ) c 3 O ) c c 2 c 1
1o5b,I I G G E F T T I E N Q P W F A A I Y R R H R G G S V T Y V C G G S L M S P C W V I S A T H C F I D Y P K K E D Y I V Y L G R S R L N S N T Q G E M K F E V E N L I L H K D Y S A D T L A H H N D I A L L K I R S K E G R C A Q P S R T I Q T I C L P S M Y N D P Q F G T S C E I T G F G K E A S T D Y L Y P E Q L K M T V V K L I S H R E C Q Q P H Y Y G S E V T T K M L C A A D P Q W K T D A C Q G D S G G P L V C S L Q G R M T L T G I V S W G R G C A L K D K P G V Y T R V S H F L P W I R S H T </s> I C H L H D I K S Y V Y A A T D A C Q G D S G I V S W G R G C A L K P G V Y </s> N C ( = [ N H 2 + ] ) c 1 c c 2 c ( I ) c c c c 2 s 1
1owh,I I G G E F T T I E N Q P W F A A I Y R R H R G G S V T Y V C G G S L M S P C W V I S A T H C F I D Y P K K E D Y I V Y L G R S R L N S N T Q G E M K F E V E N L I L H K D Y S A D T L A H H N D I A L L K I R S K E G R C A Q P S R T I Q T I C L P S M Y N D P Q F G T S C E I T G F G K E Q S T D Y L Y P E Q L K M T V V K L I S H R E C Q Q P H Y Y G S E V T T K M L C A A D P Q W K T D S C Q G D S G G P L V C S L Q G R M T L T G I V S W G R G C A L K D K P G V Y T R V S H F L P W I R S H T </s> I V C T H C F I D Y Y A L H D I K S Y Y A A T D S C Q G D S G G I V S W G R G C A L K P G V Y </s> N C ( = [ N H 2 + ] ) c 1 c c c 2 c c ( C ( = O ) N c 3 c c c ( C [ N H 3 + ] ) c c 3 ) c c c 2 c 1
1oyt,I V E G S D A E I G M S P W Q V M L F R K S P Q E L L C G A S L I S D R W V L T A A H C L L Y P P W D K N F T E N D L L V R I G K H S R T R Y E R N I E K I S M L E K I Y I H P R Y N W R E N L D R D I A L M K L K K P V A F S D Y I H P V C L P D R E T A A S L L Q A G Y K G R V T G W G N L K E T G Q P S V L Q V V N L P I V E R P V C K D S T R I R I T D N M F C A G Y K P D E G K R G D A C E G D S G G P F V M K S P F N N R W Y Q M G I V S W G E G C D R D G K Y G F Y T H V F R L K K W I Q K V I D Q F A D C G L R P L F E K K S L E D K T E R E L L E S Y I </s> V L C A H C L Y P W K Y N W R E N L D D V N E L T I R I M A G D A C E G D S G G I V S W G E G C D R K Y G F Y </s> N C ( = [ N H 2 + ] ) c 1 c c c ( [ C @ H ] 2 [ C @ H ] 3 C ( = O ) N ( C c 4 c c c ( F ) c c 4 ) C ( = O ) [ C @ H ] 3 [ C @ @ H ] 3 C C C [ N @ @ H + ] 3 2 ) c c 1
1p1n,K T V V V T T I L E S P Y V M M K K N H E M L E G N E R Y E G Y C V D L A A E I A K H C G F K Y K L T I V G D G K Y G A R D A D T K I W N G M V G E L V Y G K A D I A I A P L T I T L V R E E V I D F S K P F M S L G I S I M I K K G T P I E S A E D L S K Q T E I A Y G T T D S G S T K E F F R R S K I A V F D K M W T Y M R S A E P S V F V R T T A E G V A R V R K S K G K Y A Y L L E S T M N E Y I E Q R K P C D T M K V G G N L D S K G Y G I A T P K G S S L G N A V N L A V L K L N E Q G L L D K L K N K W W Y D K G E C K T V V V T T I L E S P Y V M M K K N H E M L E G N E R Y E G Y C V D L A A E I A K H C G F K Y K L T I V G D G K Y G A R D A D T K I W N G M V G E L V Y G K A D I A I A P L T I T L V R E E V I D F S K P F M S L G I S I M I K K G T P I E S A E D L S K Q T E I A Y G T T D S G S T K E F F R R S K I A V F D K M W T Y M R S A E P S V F V R T T A E G V A R V R K S K G K Y A Y L L E S T M N E Y I E Q R K P C D T M K V G G N L D S K G Y G I A T P K G S S L G N A V N L A V L K L N E Q G L L D K L K N K W W Y D K G E C </s> I L E Y G K Y G A M V A P L T I T R F L G I S T T D S G S T K E F V R T T A Y L L E S T M K G Y G </s> C = C ( C ) [ C @ H ] 1 C [ N H 2 + ] [ C @ H ] ( C ( = O ) [ O - ] ) [ C @ H ] 1 C C ( = O ) [ O - ]
1p1q,K T V V V T T I L E S P Y V M M K K N H E M L E G N E R Y E G Y C V D L A A E I A K H C G F K Y K L T I V G D G K Y G A R D A D T K I W N G M V G E L V Y G K A D I A I A P L T I T L V R E E V I D F S K P F M S L G I S I M I K K G T P I E S A E D L S K Q T E I A Y G T T D S G S T K E F F R R S K I A V F D K M W T Y M R S A E P S V F V R T T A E G V A R V R K S K G K Y A Y L L E S T M N E Y I E Q R K P C D T M K V G G N L D S K G Y G I A T P K G S S L G N A V N L A V L K L N E Q G L L D K L K N K W W Y D K G E C K T V V V T T I L E S P Y V M M K K N H E M L E G N E R Y E G Y C V D L A A E I A K H C G F K Y K L T I V G D G K Y G A R D A D T K I W N G M V G E L V Y G K A D I A I A P L T I T L V R E E V I D F S K P F M S L G I S I M I K K G T P I E S A E D L S K Q T E I A Y G T T D S G S T K E F F R R S K I A V F D K M W T Y M R S A E P S V F V R T T A E G V A R V R K S K G K Y A Y L L E S T M N E Y I E Q R K P C D T M K V G G N L D S K G Y G I A T P K G S S L G N A V N L A V L K L N E Q G L L D K L K N K W W Y D K G E C </s> I E S Y K Y G A M V A P L T I T R F L G I S T T D S G S T K E F T Y L L E S T M N K G Y G </s> C c 1 o [ n H ] c ( = O ) c 1 C [ C @ H ] ( [ N H 3 + ] ) C ( = O ) [ O - ]
1ps3,C Q D V V Q D V P N V D V Q M L E L Y D R M S F K D I D G G V W K Q G W N I K Y D P L K Y N A H H K L K V F V V P H S H N D P G W I Q T F E E Y Y Q H D T K H I L S N A L R H L H D N P E M K F I W A E I S Y F A R F Y H D L G E N K K L Q M K S I V K N G Q L E F V T G G W V M P D E A N S H W R N V L L Q L T E G Q T W L K Q F M N V T P T A S W A I D P F G H S P T M P Y I L Q K S G F K N M L I Q R T H Y S V K K E L A Q Q R Q L E F L W R Q I W D N K G D T A L F T H M M P F Y S Y D I P H T C G P D P K V C C Q F D F K R M G S F G L S C P W K V P P R T I S D Q N V A A R S D L L V D Q W K K K A E L Y R T N V L L I P L G D D F R F K Q N T E W D V Q R V N Y E R L F E H I N S Q A H F N V Q A Q F G T L Q E Y F D A V H Q A E R A G Q A E F P T L S G D F F T Y A D R S D N Y W S G Y Y T S R P Y H K R M D R V L M H Y V R A A E M L S A W H S W D G M A R I E E R L E Q A R R E L S L F Q H H D G I T G T A K T H V V V D Y E Q R M Q E A L K A C Q M V M Q Q S V Y R L L T K P S I Y S P D F S F S Y F T L D D S R W P G S G V E D S R T T I I L G E D I L P S K H V V M H N T L P H W R E Q L V D F Y V S S P F V S V T D L A N N P V E A Q V S P V W S W H H D T L T K T I H P Q G S T T K Y R I I F K A R V P P M G L A T Y V L T I S D S K P E H T S Y A S N L L L R K N P T S L P L G Q Y P E D V K F G D P R E I S L R V G N G P T L A F S E Q G L L K S I Q L T Q D S P H V P V H F K F L K Y G V R S H G D R S G A Y L F L P N G P A S P V E L G Q P V V L V T K G K L E S S V S V G L P S V V H Q T I M R G G A P E I R N L V D I G S L D N T E I V M R L E T H I D S G D I F Y T D L N G L Q F I K R R R L D K L P L Q A N Y Y P I P S G M F I E D A N T R L T L L T G Q P L G G S S L A S G E L E I M Q D R R L A S D D E R G L G Q G V L D N K P V L H I Y R L V L E K V N N C V R P S K L H P A G Y L T S A A H K A S Q S L L D P L D K F I F A E N E W I G A Q G Q F G G D H P S A R E D L D V S V M R R L T K S S A K T Q R V G Y V L H R T N L M Q C G T P E E H T Q K L D V C H L L P N V A R C E R T T L T F L Q N L E H L D G M V A P E V C P M E T A A Y V S S H S </s> H N D P G W I Y E M I D P F R Y S Y D D D F Y D W H H D G T T A Y D E R G L G </s> O = C 1 N [ C @ @ H ] 2 [ C @ @ H ] ( O ) [ C @ @ H ] ( O ) [ C @ H ] ( O ) [ C @ @ H ] ( C O ) N 2 C 1 = O
1pxn,M E N F Q K V E K I G E G T Y G V V Y K A R N K L T G E V V A L K K I R T E G V P S T A I R E I S L L K E L N H P N I V K L L D V I H T E N K L Y L V F E F L H Q D L K K F M D A S A L T G I P L P L I K S Y L F Q L L Q G L A F C H S H R V L H R D L K P Q N L L I N T E G A I K L A D F G L A R A F G V P V R T Y T H E V V T L W Y R A P E I L L G C K Y Y S T A V D I W S L G C I F A E M V T R R A L F P G D S E I D Q L F R I F R T L G T P D E V V W P G V T S M P D Y K P S F P K W A R Q D F S K V V P P L D E D G R S L L S Q M L H Y D P N K R I S A K A A L A H P F F Q D V T K P V P H L R L </s> E K I G E G T Y G V V Y K A V V A L K V K L L V F E F L H Q D L K K F K P Q N L L I L A D F L L </s> C N c 1 n c ( C ) c ( - c 2 c c n c ( N c 3 c c c ( O ) c c 3 ) n 2 ) s 1
1q8t,E Q E S V K E F L A K A K E D F L K K W E N P A Q N T A H L D Q F E R I K T L G T G S F G R V M L V K H M E T G N H Y A M K I L D K Q K V V K L K Q I E H T L N E K R I L Q A V N F P F L V K L E F S F K D N S N L Y M V M E Y V P G G E M F S H L R R I G R F S E P H A R F Y A A Q I V L T F E Y L H S L D L I Y R D L K P E N L L I D Q Q G Y I Q V T D F G F A K R V K G R T W L C G T P E Y L A P E I I L S K G Y N K A V D W W A L G V L I Y E M A A G Y P P F F A D Q P I Q I Y E K I V S G K V R F P S H F S S D L K D L L R N L L Q V D L T K R F G N L K N G V N D I K N H K W F A T T D W I A I Y Q R K V E A P F I P K F K G P G D T S N F D D Y E E E E I R V I N E K C G K E F S E F T T Y A D F I A S G R T G R R N A I H D </s> L G T G S F G R V M L Y A M K E V K V M E Y V P G G E Y D K P E N L L I Q V T D F G F T F Y R R N A </s> C [ C @ @ H ] ( [ N H 3 + ] ) [ C @ @ H ] 1 C C [ C @ @ H ] ( C ( = O ) N c 2 c c n c c 2 ) C C 1
1q8u,K K G E Q E S V K E F L A K A K E D F L K K W E N P A Q N T A H L D Q F E R I K T L G T G S F G R V M L V K H M E T G N H Y A M K I L D K Q K V V K L K Q I E H T L N E K R I L Q A V N F P F L V K L E F S F K D N S N L Y M V M E Y V P G G E M F S H L R R I G R F S E P H A R F Y A A Q I V L T F E Y L H S L D L I Y R D L K P E N L L I D Q Q G Y I Q V T D F G F A K R V K G R T W L C G T P E Y L A P E I I L S K G Y N K A V D W W A L G V L I Y E M A A G Y P P F F A D Q P I Q I Y E K I V S G K V R F P S H F S S D L K D L L R N L L Q V D L T K R F G N L K N G V N D I K N H K W F A T T D W I A I Y Q R K V E A P F I P K F K G P G D T S N F D D Y E E E E I R V I N E K C G K E F S E F T T Y A D F I A S G R T G R R N A I H D </s> T L G T G S G R V M L Y A M K E L V K M V M E Y V P G G E M F Y D K P E N L L I Q V T D F N F D Y R R N A </s> C c 1 c n c c 2 c c c c ( S ( = O ) ( = O ) N 3 C C C [ N H 2 + ] C [ C @ @ H ] 3 C ) c 1 2
1qf1,I T G T S T V G V G R G V L G D Q K N I N T T Y S T Y Y Y L Q D N T R G D G I F T Y D A K Y R T T L P G S L W A D A D N Q F F A S Y D A P A V D A H Y Y A G V T Y D Y Y K N V H N R L S Y D G N N A A I R S S V H Y S Q G Y N N A F W N G S E M V Y G D G D G Q T F I P L S G G I D V V A H E L T H A V T D Y T A G L I Y Q N E S G A I N E A I S D I F G T L V E F Y A N K N P D W E I G E D V Y T P G I S G D S L R S M S D P A K Y G D P D H Y S K R Y T G T Q D N G G V H I N S G I I N K A A Y L I S Q G G T H Y G V S V V G I G R D K L G K I F Y R A L T Q Y L T P T S N F S Q L R A A A V Q S A T D L Y G S T S Q E V A S V K Q A F D A V G V K </s> Y Y N N A F W N V Y G T F L G I D V V A H E L H Y N E S D G E I G E D V Y S L R D N V H I S </s> C C C C C [ C @ H ] ( S ) C ( = O ) N [ C @ @ H ] ( C c 1 c c c c c 1 ) C ( = O ) N [ C @ @ H ] ( C ) C ( = O ) [ O - ]
1qkt,N S L A L S L T A D Q M V S A L L D A E P P I L Y S E Y D P T R P F S E A S M M G L L T N L A D R E L V H M I N W A K R V P G F V D L T L H D Q V H L L E S A W L E I L M I G L V W R S M E H P G K L L F A P N L L L D R N Q G K S V E G M V E I F D M L L A T S S R F R M M N L Q G E E F V C L K S I I L L N S G V Y T F L S S T L K S L E E K D H I H R V L D K I T D T L I H L M A K A G L T L Q Q Q H Q R L A Q L L L I L S H I R H M S N K G M E H L Y S M K S K N V V P L Y D L L L E M L D A H R L H A N S L A L S L T A D Q M V S A L L D A E P P I L Y S E Y D P T R P F S E A S M M G L L T N L A D R E L V H M I N W A K R V P G F V D L T L H D Q V H L L E S A W L E I L M I G L V W R S M E H P G K L L F A P N L L L D R N Q G K S V E G M V E I F D M L L A T S S R F R M M N L Q G E E F V C L K S I I L L N S G V Y T F L S S T L K S L E E K D H I H R V L D K I T D T L I H L M A K A G L T L Q Q Q H Q R L A Q L L L I L S H I R H M S N K G M E H L Y S M K S K N V V P L Y D L L L E M L D A H R L H A </s> L M M G L L T N L A D R E L M W L E I L M I G L V R L L F A L V E G M I F L M S K G M E H L Y S M K </s> C [ C @ ] 1 2 C C [ C @ @ H ] 3 c 4 c c c ( O ) c c 4 C C [ C @ H ] 3 [ C @ @ H ] 1 C C [ C @ @ H ] 2 O
1r5y,R P R F S F S I A A R E G K A R T G T I E M K R G V I R T P A F M P V G T A A T V K A L K P E T V R A T G A D I I L G N T Y H L M L R P G A E R I A K L G G L H S F M G W D R P I L T D S G G Y Q V M L S L T K Q S E E G V T F M L S P E R S I E I Q H L L G S D I V M A F D E C T P Y P A T P S R A A S S M E R S M R W A K R S R D A F D S R K E Q A E N A A L F G I Q Q G S V F E N L R Q Q S A D A L A E I G F D G Y A V G G L A V G E G Q D E M F R V L D F S V P M L P D D K P H Y L M G V G K P D D I V G A V E R G I D M F D C V L P T R S G R N G Q A F T W D G P I N I R N A R F S E D L K P L D S E C H C A V C Q K W S R A Y I H H L I R A G E I L G A M L M T E H N I A F Y Q Q L M Q K I R D S I S E G R F S Q F A Q D F R A R Y F </s> L N T D S G G Y Q V Q M A F D E C T S I Q Q G S R A V G G L A V G E Y L M G V D </s> N c 1 c c c 2 n c ( N ) [ n H ] c ( = O ) c 2 c 1
1s38,R P R F S F S I A A R E G K A R T G T I E M K R G V I R T P A F M P V G T A A T V K A L K P E T V R A T G A D I I L G N T Y H L M L R P G A E R I A K L G G L H S F M G W D R P I L T D S G G Y Q V M S L T K Q S E E G V T F K S R H M L S P E R S I E I Q H L L G S D I V M A F D E C T P Y P A T P S R A A S S M E R S M R W A K R S R D A F D S R K E Q A E N A A L F G I Q Q G S V F E N L R Q Q S A D A L A E I G F D G Y A V G G L A V G E G Q D E M F R V L D F S V P M L P D D K P H Y L M G V G K P D D I V G A V E R G I D M F D C V L P T R S G R N G Q A F T W D G P I N I R N A R F S E D L K P L D S E C H C A V C Q K W S R A Y I H H L I R A G E I L G A M L M T E H N I A F Y Q Q L M Q K I R D S I S E G R F S Q F A Q D F R A R Y F </s> V L N L T D S G G Y Q V S Q M A F D E C T S I Q Q G S R A V G G L A V Y L M G V D C V </s> C c 1 c c c c 2 c ( = O ) [ n H ] c ( N ) n c 1 2
1sqa,I I G G E F T T I E N Q P W F A A I Y R R H R G G S V T Y V C G G S L M S P C W V I S A T H C F I D Y P K K E D Y I V Y L G R S R L N S N T Q G E M K F E V E N L I L H K D Y S A D T L A H H N D I A L L K I R S K E G R C A Q P S R T I Q T I C L P S M Y N D P Q F G T S C E I T G F G K E Q S T D Y L Y P E Q L K M T V V K L I S H R E C Q Q P H Y Y G S E V T T K M L C A A D P Q W K T D S C Q G D S G G P L V C S L Q G R M T L T G I V S W G R G C A L K D K P G V Y T R V S H F L P W I R S H T </s> I V C T H C F I D Y Y A L H D I K Q S T D Y V Y A A T D S C Q G D S G G I V S W G R G C A L K P G V Y </s> N C ( = [ N H 2 + ] ) c 1 c c c 2 c c ( C ( = O ) N c 3 c c c ( C [ N H 3 + ] ) c c 3 ) c c ( N c 3 n c c c n 3 ) c 2 c 1
1syi,N K T V V V T T I L E S P Y V M M K K N H E M L E G N E R Y E G Y C V D L A A E I A K H C G F K Y K L T I V G D G K Y G A R D A D T K I W N G M V G E L V Y G K A D I A I A P L T I T L V R E E V I D F S K P F M S L G I S I M I K K G T P I E S A E D L S K Q T E I A Y G T L D S G S T K E F F R R S K I A V F D K M W T Y M R S A E P S V F V R T T A E G V A R V R K S K G K Y A F L L E S T M N E Y I E Q R K P C D T M K V G G N L D S K G Y G I A T P K G S S L G N A V N L A V L K L N E Q G L L D K L K N K W W Y D K G E C N K T V V V T T I L E S P Y V M M K K N H E M L E G N E R Y E G Y C V D L A A E I A K H C G F K Y K L T I V G D G K Y G A R D A D T K I W N G M V G E L V Y G K A D I A I A P L T I T L V R E E V I D F S K P F M S L G I S I M I K K G T P I E S A E D L S K Q T E I A Y G T L D S G S T K E F F R R S K I A V F D K M W T Y M R S A E P S V F V R T T A E G V A R V R K S K G K Y A F L L E S T M N E Y I E Q R K P C D T M K V G G N L D S K G Y G I A T P K G S S L G N A V N L A V L K L N E Q G L L D K L K N K W W Y D K G E C </s> I E S P Y K Y G A M V A P L T I T R F L G I S T L D S G S T K E F T T A F L L E S T M N G Y G </s> [ N H 3 + ] [ C @ @ H ] ( C n 1 c 2 c ( c ( = O ) [ n H ] c 1 = O ) C C C 2 ) C ( = O ) [ O - ]
1u1b,K E T A A A K F E R Q H M D S S T S A A S S S N Y C N Q M M K S R N L T K D R C K P V N T F V H E S L A D V Q A V C S Q K N V A C K N G Q T N C Y Q S Y S T M S I T D C R E T G S S K Y P N C A Y K T T Q A N K H I I V A C E G N P Y V P V H F D A S V </s> E T A A K F R Q H M L R K P V N T F V A C K N G Q T N C Y I T D C R K I V A C E G V P V H F D A S V </s> C c 1 c n ( [ C @ H ] 2 C [ C @ H ] ( O [ P @ @ ] ( = O ) ( [ O - ] ) O [ P @ @ ] ( = O ) ( [ O - ] ) O C [ C @ H ] 3 O [ C @ @ H ] ( n 4 c n c 5 c ( N ) n c n c 5 4 ) [ C @ H ] ( O ) [ C @ @ H ] 3 O [ P + ] ( = O ) ( = O ) [ O - ] ) [ C @ @ H ] ( C O [ P + ] ( = O ) ( = O ) [ O - ] ) O 2 ) c ( = O ) [ n H ] c 1 = O
1uto,I V G G Y T C G A N T V P Y Q V S L N S G Y H F C G G S L I N S Q W V V S A A H C Y K S G I Q V R L G E D N I N V V E G N E Q F I S A S K S I V H P S Y N S N T L N N D I M L I K L K S A A S L N S R V A S I S L P T S C A S A G T Q C L I S G W G N T K S S G T S Y P D V L K C L K A P I L S D S S C K S A Y P G Q I T S N M F C A G Y L E G G K D S C Q G D S G G P V V C S G K L Q G I V S W G S G C A Q K N K P G V Y T K V C N Y V S W I K Q T I A S N </s> I V C A H C L D N Y Y A K D S C Q G D S G G I V S W G S G C A Q K P G V Y </s> [ N H 3 + ] C C c 1 c c c c c 1
1vso,T L I V T T I L E E P Y V M Y R K S D K P L Y G N D R F E G Y C L D L L K E L S N I L G F L Y D V K L V P D G K Y G A Q W N G M V K E L I D H R A D L A V A P L T I T Y V R E K V I D F S K P F M T L G I S I L Y R K G T P I D S A D D L A K Q T K I E Y G A V R D G S T M T F F K K S K I S T Y E K M W A F M S S S A L V K N S D E G I Q R V L T T D Y A L L M E S T S I E Y V T Q R N C N L T Q I G G L I D S K G Y G V G T P I G S P Y R D K I T I A I L Q L Q E E G K L H M M K E K W W R G N G T L I V T T I L E E P Y V M Y R K S D K P L Y G N D R F E G Y C L D L L K E L S N I L G F L Y D V K L V P D G K Y G A Q W N G M V K E L I D H R A D L A V A P L T I T Y V R E K V I D F S K P F M T L G I S I L Y R K G T P I D S A D D L A K Q T K I E Y G A V R D G S T M T F F K K S K I S T Y E K M W A F M S S S A L V K N S D E G I Q R V L T T D Y A L L M E S T S I E Y V T Q R N C N L T Q I G G L I D S K G Y G V G T P I G S P Y R D K I T I A I L Q L Q E E G K L H M M K E K W W R G N G </s> I L E E P Y K Y G A M V A P L T I T R F M L A V R D G S T M T F S M E S T S I K G Y G W </s> C C ( C ) ( C ) c 1 o n c ( O C [ P + ] ( = O ) ( = O ) [ O - ] ) c 1 C [ C @ H ] ( [ N H 3 + ] ) C ( = O ) [ O - ]
1w4o,K E T A A A K F E R Q H M D S S T S A A S S S N Y C N Q M M K S R N L T K D R C K P V N T F V H E S L A D V Q A V C S Q K N V A C K N G Q T N C Y Q S Y S T M S I T D C R E T G S S K Y P N C A Y K T T Q A N K H I I V A C E G N P Y V P V H F D A S V </s> A K F R Q H M L R K P V N T F K I T D C K I V A V H F D A S V </s> O = c 1 c c n ( [ C @ @ H ] 2 O [ C @ H ] ( C O ) [ C @ @ H ] ( O [ P + ] ( = O ) ( = O ) [ O - ] ) [ C @ @ H ] 2 O ) c ( = O ) [ n H ] 1
1y6r,F S M K I G I I G A M E E E V T L L R D K I E N R Q T I S L G G C E I Y T G Q L N G T E V A L L K S G I G K V A A A L G A T L L L E H C K P D V I I N T G S A G G L A P T L K V G D I V V S D E A R Y H D A D V T A F G Y E Y G Q L P G C P A G F K A D D K L I A A A E A C I A E L N L N A V R G L I V S G D A F I N G S V G L A K I R H N F P Q A I A V E M E A T A I A H V C H N F N V P F V V V R A I S D V A D Q Q S H L S F D E F L A V A A K Q S S L M V E S L V Q K L A H G M K I G I I G A M E E E V T L L R D K I E N R Q T I S L G G C E I Y T G Q L N G T E V A L L K S G I G K V A A A L G A T L L L E H C K P D V I I N T G S A G G L A P T L K V G D I V V S D E A R Y H D A D V T A F G Y E Y G Q L P G C P A G F K A D D K L I A A A E A C I A E L N L N A V R G L I V S G D A F I N G S V G L A K I R H N F P Q A I A V E M E A T A I A H V C H N F N V P F V V V R A I S D V A D Q Q S H L S F D E F L A V A A K Q S S L M V E S L V Q K L A H G </s> G A M E S G I G N T G S A G G L H V S G D A F I N G L I A V E M E A T R A I S D V A D S H S F D L A D V A F Y L P </s> C S C [ C @ H ] 1 [ N H 2 + ] [ C @ @ H ] ( c 2 c [ n H ] c 3 c ( N ) n c n c 2 3 ) [ C @ H ] ( O ) [ C @ @ H ] 1 O
1yc1,E E V E T F A F Q A E I A Q L M S L I I N T F Y S N K E I F L R E L I S N S S D A L D K I R Y E T L T D P S K L D S G K E L H I N L I P N K Q D R T L T I V D T G I G M T K A D L I N N L G T I A K S G T K A F M E A L Q A G A D I S M I G Q F G V G F Y S A Y L V A E K V T V I T K H N D D E Q Y A W E S S A G G S F T V R T D T G E P M G R G T K V I L H L K E D Q T E Y L E E R R I K E I V K K H S Q F I G Y P I T L F V E K </s> F E L I S N S S D A L D K I I I V D T G I G M T D L N N L T I A K S G F G V G F Y A V T V I T K H W G T K V I </s> C C c 1 c c ( - c 2 n [ n H ] c ( C ( = O ) [ O - ] ) c 2 - c 2 c c c 3 c ( c 2 ) O C O 3 ) c ( O ) c c 1 O
1ydr,V K E F L A K A K E D F L K K W E N P A Q N T A H L D Q F E R I K T L G T G S F G R V M L V K H M E T G N H Y A M K I L D K Q K V V K L K Q I E H T L N E K R I L Q A V N F P F L V K L E F S F K D N S N L Y M V M E Y V A G G E M F S H L R R I G R F S E P H A R F Y A A Q I V L T F E Y L H S L D L I Y R D L K P E N L L I D Q Q G Y I Q V T D F G F A K R V K G R T W L C G T P E Y L A P E I I L S K G Y N K A V D W W A L G V L I Y E M A A G Y P P F F A D Q P I Q I Y E K I V S G K V R F P S H F S S D L K D L L R N L L Q V D L T K R F G N L K D G V N D I K N H K W F A T T D W I A I Y Q R K V E A P F I P K F K G P G D T S N F D D Y E E E E I R V I N E K C G K E F S E F T T Y A D F I A S G R T G R R N A I H D </s> K T L G T G S G R V M L Y A M K E L V K M V M E Y V A G G E M F S Y D K P E N L L I Q V T D F N F D Y R R </s> C [ C @ H ] 1 C [ N H 2 + ] C C N 1 S ( = O ) ( = O ) c 1 c c c c 2 c n c c c 1 2
1ydt,V K E F L A K A K E D F L K K W E N P A Q N T A H L D Q F E R I K T L G T G S F G R V M L V K H M E T G N H Y A M K I L D K Q K V V K L K Q I E H T L N E K R I L Q A V N F P F L V K L E F S F K D N S N L Y M V M E Y V A G G E M F S H L R R I G R F S E P H A R F Y A A Q I V L T F E Y L H S L D L I Y R D L K P E N L L I D Q Q G Y I Q V T D F G F A K R V K G R T W L C G T P E Y L A P E I I L S K G Y N K A V D W W A L G V L I Y E M A A G Y P P F F A D Q P I Q I Y E K I V S G K V R F P S H F S S D L K D L L R N L L Q V D L T K R F G N L K D G V N D I K N H K W F A T T D W I A I Y Q R K V E A P F I P K F K G P G D T S N F D D Y E E E E I R V I N E K C G K E F S E F T T Y A D F I A S G R T G R R N A I H D </s> K T L G T G S F G R V M L Y A M K I L D V E L V K M V M E Y V A G G E M F Y D K P E N L L I Q V T D F G T F D Y R R N A </s> O = S ( = O ) ( N C C [ N H 2 + ] C / C = C / c 1 c c c ( B r ) c c 1 ) c 1 c c c c 2 c n c c c 1 2
1z6e,I V G G Q E C K D G E C P W Q A L L I N E E N E G F C G G T I L S E F Y I L T A A H C L Y Q A K R F K V R V G D R N T E Q E E G G E A V H E V E V V I K H N R F T K E T Y D F D I A V L R L K T P I T F R M N V A P A C L P E R D W A E S T L M T Q K T G I V S G F G R T H E K G R Q S T R L K M L E V P Y V D R N S C K L S S S F I I T Q N M F C A G Y D T K Q E D A C Q G D S G G P H V T R F K D T Y F V T G I V S W G E G C A R K G K Y G I Y T K V T A F L K W I D R S M K T K L C S L D N G D C D Q F C H E E Q N S V V C S C A R G Y T L A D N G K A C I P T G P Y P C G K Q T L E </s> I V H Q T K E T Y D D V R H E K G R Q V S S F I I T M A G Y E D A C Q G D S G G I V S W G E G C A R K Y G I Y </s> C [ N H + ] ( C ) C c 1 n c c n 1 - c 1 c c c ( N C ( = O ) c 2 c c ( C ( F ) ( F ) F ) n n 2 - c 2 c c c 3 o n c ( N ) c 3 c 2 ) c ( F ) c 1
1z95,I F L N V L E A I E P G V V C A G H D N N Q P D S F A A L L S S L N E L G E R Q L V H V V K W A K A L P G F R N L H V D D Q M A V I Q Y S L M G L M V F A M G W R S F T N V N S R M L Y F A P D L V F N E Y R M H K S R M Y S Q C V R M R H L S Q E F G W L Q I T P Q E F L C M K A L L L F S I I P V D G L K N Q K F F D E L R M N Y I K E L D R I I A C S R R F Y Q L T K L L D S V Q P I A R E L H Q F T F D L L I K S H M V S V D F P E M M A E I I S V Q V P K I L S G K V K P I Y F H </s> V A L L S S L N E L G E R Q L I Q Y S L M G L M V F A M G W R S L Y F A L S M Q C M I A L H F T F L L V D F P M M A E I I S V Q V I </s> C [ C @ ] ( O ) ( C S ( = O ) ( = O ) c 1 c c c ( F ) c c 1 ) C ( = O ) N c 1 c c c ( C # N ) c ( C ( F ) ( F ) F ) c 1
1z9g,I T G T S T V G V G R G V L G D Q K N I N T T Y S T Y Y Y L Q D N T R G D G I F T Y D A K Y R T T L P G S L W A D A D N Q F F A S Y D A P A V D A H Y Y A G V T Y D Y Y K N V H N R L S Y D G N N A A I R S S V H Y S Q G Y N N A F W N G S E M V Y G D G D G Q T F I P L S G G I D V V A H E L T H A V T D Y T A G L I Y Q N E S G A I N E A I S D I F G T L V E F Y A N K N P D W E I G E D V Y T P G I S G D S L R S M S D P A K Y G D P D H Y S K R Y T G T Q D N G G V H I N S G I I N K A A Y L I S Q G G T H Y G V S V V G I G R D K L G K I F Y R A L T Q Y L T P T S N F S Q L R A A A V Q S A T D L Y G S T S Q E V A S V K Q A F D A V G V K </s> Y N N A F W V Y G F L G D V V A H E H Y N E S D I G E D V Y S L R D V H I S </s> O = C ( [ O - ] ) C C ( = O ) N [ C @ @ H ] ( C S ) C c 1 c c c c c 1
2al5,N K T V V V T T I L E S P Y V M M K K N H E M L E G N E R Y E G Y C V D L A A E I A K H C G F K Y K L T I V G D G K Y G A R D A D T K I W N G M V G E L V Y G K A D I A I A P L T I T L V R E E V I D F S K P F M S L G I S I M I K K G T P I E S A E D L S K Q T E I A Y G T L D S G S T K E F F R R S K I A V F D K M W T Y M R S A E P S V F V R T T A E G V A R V R K S K G K Y A Y L L E S T M N E Y I E Q R K P C D T M K V G G N L D S K G Y G I A T P K G S S L G N A V N L A V L K L N E Q G L L D K L K N K W W Y D K G E C G N K T V V V T T I L E S P Y V M M K K N H E M L E G N E R Y E G Y C V D L A A E I A K H C G F K Y K L T I V G D G K Y G A R D A D T K I W N G M V G E L V Y G K A D I A I A P L T I T L V R E E V I D F S K P F M S L G I S I M I K K G T P I E S A E D L S K Q T E I A Y G T L D S G S T K E F F R R S K I A V F D K M W T Y M R S A E P S V F V R T T A E G V A R V R K S K G K Y A Y L L E S T M N E Y I E Q R K P C D T M K V G G N L D S K G Y G I A T P K G S S L G N A V N L A V L K L N E Q G L L D K L K N K W W Y D K G E C G </s> I E S Y K Y G A M V A P L T I T R F L G I S G T L D S G S T K E F V T T A Y L L E S T M N K G Y G </s> [ N H 3 + ] [ C @ @ H ] ( C n 1 c c ( F ) c ( = O ) [ n H ] c 1 = O ) C ( = O ) [ O - ]
2br1,A V P F V E D W D L V Q T L G E G A Y G E V Q L A V N R V T E E A V A V K I V D M K R C P E N I K K E I C I N K M L N H E N V V K F Y G H R R E G N I Q Y L F L E Y C S G G E L F D R I E P D I G M P E P D A Q R F F H Q L M A G V V Y L H G I G I T H R D I K P E N L L L D E R D N L K I S D F G L A T V F R Y N N R E R L L N K M C G T L P Y V A P E L L K R R E F H A E P V D V W S C G I V L T A M L A G E L P W D Q P S D S C Q E Y S D W K E K K T Y L N P W K K I D S A P L A L L H K I L V E N P S A R I T I P D I K K D R W Y N K P L K K G A K R P </s> Q T L G E G A Y G E V Q L V A V K I E N V K L F L E Y C S G G E L D E N L L K I S D F G </s> C O c 1 c c c ( - c 2 o c 3 n c n c ( N C C O ) c 3 c 2 - c 2 c c c ( O C ) c c 2 ) c c 1
2brb,A V P F V E D W D L V Q T L G E G A Y G E V Q L A V N R V T E E A V A V K I V D M K R C P E N I K K E I C I N K M L N H E N V V K F Y G H R R E G N I Q Y L F L E Y C S G G E L F D R I E P D I G M P E P D A Q R F F H Q L M A G V V Y L H G I G I T H R D I K P E N L L L D E R D N L K I S D F G L A T V F R Y N N R E R L L N K M C G T L P Y V A P E L L K R R E F H A E P V D V W S C G I V L T A M L A G E L P W D Q P S D S C Q E Y S D W K E K K T Y L N P W K K I D S A P L A L L H K I L V E N P S A R I T I P D I K K D R W Y N K P L K K G A K R P </s> Q T L G E G Y G E V Q L V A V K I E N V K L F L E Y C S G G E D E N L L K I S D F G </s> O C C N c 1 n c n c 2 o c ( - c 3 c c c c c 3 ) c ( - c 3 c c c c c 3 ) c 1 2
2c3i,Q Y Q V G P L L G S G G F G S V Y S G I R V S D N L P V A I K H V E K D R I S D W G E G T R V P M E V V L L K K V S S G F S G V I R L L D W F E R P D S F V L I L E R P E P V Q D L F D F I T E R G A L Q E E L A R S F F W Q V L E A V R H C H N C G V L H R D I K D E N I L I D L N R G E L K L I D F G S G A L L K D T V Y T D F D G T R V Y S P P E W I R Y H R Y H G R S A A V W S L G I L L Y D M V C G D I P F E H D E E I I G G Q V F F R Q R V S S E C Q H L I R W C L A L R P S D R P T F E E I Q N H P W M Q D V L L P Q E T A E I H L H </s> L L G S G G F G S V Y S G P V A I K E L I R L I L E R P E V Q D D E N I L I K L I D F G </s> C C ( = O ) c 1 c c c c ( - c 2 c n c 3 c c c ( N C C 4 C C 4 ) n n 2 3 ) c 1
2cbv,V K K F P E G F L W G V A T A S Y Q I E G S P L A D G A G M S I W H T F S H T P G N V K N G D T G D V A C D H Y N R W K E D I E I I E K L G V K A Y R F S I S W P R I L P E G T G R V N Q K G L D F Y N R I I D T L L E K G I T P F V T I Y H W D L P F A L Q L K G G W A N R E I A D W F A E Y S R V L F E N F G D R V K N W I T L N E P W V V A I V G H L Y G V H A P G M R D I Y V A F R A V H N L L R A H A R A V K V F R E T V K D G K I G I V F N N G Y F E P A S E K E D I R A V R F M H Q F N N Y P L F L N P I Y R G D Y P E L V L E F A R E Y L P E N Y K D D M S E I Q E K I D F V G L N Y Y S G H L V K F D P D A P A K V S F V E R D L P K T A M G W E I V P E G I Y W I L K K V K E E Y N P P E V Y I T E N G A A F D D V V S E D G R V H D Q N R I D Y L K A H I G Q A W K A I Q E G V P L K G Y F V W S L L D N F E W A E G Y S K R F G I V Y V D Y S T Q K R I V K D S G Y W Y S N V V K N N G L E D </s> A T A S Q R T H W N E V V H V F N N N Y Y M W T E N A W S N F E W E K F </s> O [ C @ @ H ] 1 [ C @ @ H ] ( O ) [ C @ H ] ( O ) [ C @ ] 2 ( O ) C C [ C @ H ] 1 [ N H 2 + ] 2
2cet,V K K F P E G F L W G V A T A S Y Q I E G S P L A D G A G M S I W H T F S H T P G N V K N G D T G D V A C D H Y N R W K E D I E I I E K L G V K A Y R F S I S W P R I L P E G T G R V N Q K G L D F Y N R I I D T L L E K G I T P F V T I Y H W D L P F A L Q L K G G W A N R E I A D W F A E Y S R V L F E N F G D R V K N W I T L N E P W V V A I V G H L Y G V H A P G M R D I Y V A F R A V H N L L R A H A R A V K V F R E T V K D G K I G I V F N N G Y F E P A S E R A V R F M H Q F N N Y P L F L N P I Y R G D Y P E L V L E F A R E Y L P E N Y K D D M S E I Q E K I D F V G L N Y Y S G H L V K F D P A K V S F V E R D L P K T A M G W E I V P E G I Y W I L K K V K E E Y N P P E V Y I T E N G A A F D D V V S E D G R V H D Q N R I D Y L K A H I G Q A W K A I Q E G V P L K G Y F V W S L L D N F E W A E G Y S K R F G I V Y V D Y S T Q K R I V K D S G Y W Y S N V V K N N G L E </s> A T A S Y Q R T H W N E W V V V Y V H V F N N G N N Y Y S H T M W T E N G A A W S L N F E W A E K F </s> O C [ C @ @ H ] 1 [ C @ @ H ] ( O ) [ C @ H ] ( O ) [ C @ @ H ] ( O ) c 2 n c ( C C c 3 c c c c c 3 ) c n 2 1
2fvd,M E N F Q K V E K I G E G T Y G V V Y K A R N K L T G E V V A L K K I R L R E I S L L K E L N H P N I V K L L D V I H T E N K L Y L V F E F L H Q D L K K F M D A S A L T G I P L P L I K S Y L F Q L L Q G L A F C H S H R V L H R D L K P Q N L L I N T E G A I K L A D F G L A F G V P V R T Y T H E V V T L W Y R A P E I L L G C K Y Y S T A V D I W S L G C I F A E M V T R R A L F P G D S E I D Q L F R I F R T L G T P D E V V W P G V T S M P D Y K P S F P K W A R Q D F S K V V P P L D E D G R S L L S Q M L H Y D P N K R I S A K A A L A H P F F Q D V T K P V P H L R L </s> E K I G E G T Y G V V Y K V V A L K K I V K L L L V F E F L H Q D L K K F M H K P Q N L L I K L A D F R L </s> C O c 1 c c c ( F ) c ( F ) c 1 C ( = O ) c 1 c n c ( N C 2 C C N ( S ( C ) ( = O ) = O ) C C 2 ) n c 1 N
2fxs,A S E T F E F Q A E I T Q L M S L I I N T V Y S N K E I F L R E L I S N A S D A L D K I R Y K S L S D P K Q L E T E P D L F I R I T P K P E Q K V L E I R D S G I G M T K A E L I N N L G T I A K S G T K A F M E A L S A G A D V S M I G Q F G V G F Y S L F L V A D R V Q V I S K S N D D E Q Y I W E S N A G G S F T V T L D E V N E R I G R G T I L R L F L K D D Q L E Y L E E K R I K E V I K R H S E F V A Y P I Q L V V T K E V E </s> E L I S N A S D A L K I I R D S G I G M T E L N N L G I A K S G G F Y L V I S K S G T I L </s> C O C ( = O ) c 1 c ( O ) c c ( O ) c ( C l ) c 1 C C C ( = O ) N c 1 c c ( O ) c ( O C ) c c 1 O
2hb1,E M E K E F E Q I D K S G S W A A I Y Q D I R H E A S D F P C R V A K L P K N K N R N R Y R D V S P F D H S R I K L H Q E D N D Y I N A S L I K M E E A Q R S Y I L T Q G P L P N T C G H F W E M V W E Q K S R G V V M L N R V M E K G S L K C A Q Y W P Q K E E K E M I F E D T N L K L T L I S E D I K S Y Y T V R Q L E L E N L T T Q E T R E I L H F H Y T T W P D F G V P E S P A S F L N F L F K V R E S G S L S P E H G P V V V H C S A G I G R S G T F C L A D T C L L L M D K R K D P S S V D I K K V L L E M R K F R M G L I Q T A D Q L R F S Y L A V I E G A K F I M G D S S V Q D Q W K E L S H E D </s> R Y R D V G L N R E K S L K W P D F G V H C S A G I G R S G T R M G L I Q T Q </s> O = C ( [ O - ] ) C O c 1 c ( B r ) c s c 1 C ( = O ) [ O - ]
2iwx,M A S E T F E F Q A E I T Q L M S L I I N T V Y S N K E I F L R E L I S N A S D A L D K I R Y K S L S D P K Q L E T E P D L F I R I T P K P E Q K V L E I R D S G I G M T K A E L I N N L G T I A K S G T K A F M E A L S A G A D V S M I G Q F G V G F Y S L F L V A D R V Q V I S K S N D D E Q Y I W E S N A G G S F T V T L D E V N E R I G R G T I L R L F L K D D Q L E Y L E E K R I K E V I K R H S E F V A Y P I Q L V V T K E V E </s> E L I S N A S D A L D K I I R D S G I G M T E L N N L G G V G F Y L V I S K G T I L </s> O = C 1 C C C C C / C = C / C C O C ( = O ) c 2 c ( O ) c c ( O ) c ( C l ) c 2 C 1
2j78,V K K F P E G F L W G V A T A S Y Q I E G S P L A D G A G M S I W H T F S H T P G N V K N G D T G D V A C D H Y N R W K E D I E I I E K L G V K A Y R F S I S W P R I L P E G T G R V N Q K G L D F Y N R I I D T L L E K G I T P F V T I Y H W D L P F A L Q L K G G W A N R E I A D W F A E Y S R V L F E N F G D R V K N W I T L N E P W V V A I V G H L Y G V H A P G M R D I Y V A F R A V H N L L R A H A R A V K V F R E T V K D G K I G I V F N N G Y F E P A S E K E E D I R A V R F M H Q F N N Y P L F L N P I Y R G D Y P E L V L E F A R E Y L P E N Y K D D M S E I Q E K I D F V G L N Y Y S G H L V K F D P D A A K V S F V E R D L P K T A M G W E I V P E G I Y W I L K K V K E E Y N P P E V Y I T E N G A A F D D V V S E D G R V H D Q N R I D Y L K A H I G Q A W K A I Q E G V P L K G Y F V W S L L D N F E W A E G Y S K R F G I V Y V D Y S T Q K R I V K D S G Y W Y S N V V K N N G L E D </s> A T A S Q R T H W N E V H V F N N N Y Y S T M W T E N G A A W S L N F E W A E K F </s> O C [ C @ H ] 1 N / C ( = N \ O ) [ C @ H ] ( O ) [ C @ @ H ] ( O ) [ C @ @ H ] 1 O
2j7h,V K K F P E G F L W G V A T A S Y Q I E G S P L A D G A G M S I W H T F S H T P G N V K N G D T G D V A C D H Y N R W K E D I E I I E K L G V K A Y R F S I S W P R I L P E G T G R V N Q K G L D F Y N R I I D T L L E K G I T P F V T I Y H W D L P F A L Q L K G G W A N R E I A D W F A E Y S R V L F E N F G D R V K N W I T L N E P W V V A I V G H L Y G V H A P G M R D I Y V A F R A V H N L L R A H A R A V K V F R E T V K D G K I G I V F N N G Y F E P A S E I R A V R F M H Q F N N Y P L F L N P I Y R G D Y P E L V L E F A R E Y L P E N Y K D D M S E I Q E K I D F V G L N Y Y S G H L V K F D P D A A K V S F V E R D L P K T A M G W E I V P E G I Y W I L K K V K E E Y N P P E V Y I T E N G A A F D D V V S E D G R V H D Q N R I D Y L K A H I G Q A W K A I Q E G V P L K G Y F V W S L L D N F E W A E G Y S K R F G I V Y V D Y S T Q K R I V K D S G Y W Y S N V V K N N G L E </s> A T A S Q R H W N E V H V F N N N Y Y M W T E N G A A W S N F E W E K F </s> O C [ C @ H ] 1 [ N H 2 + ] [ N H 2 + ] C [ C @ @ H ] ( O ) [ C @ @ H ] 1 O
2p15,S L A L S L T A D Q M V S A L L D A E P P I L Y S E Y R P F S E A S M M G L L T N L A D R E L V H M I N W A K R V P G F V D L T L H D Q V H L L E C A W L E I L M I G L V W R S M E H P G K L L F A P N L L L D R N Q G K C V E G M V E I F D M L L A T S S R F R M M N L Q G E E F V C L K S I I L L N S G V Y T F L S S T L K S L E E K D H I H R V L D K I T D T L I H L M A K A G L T L Q Q Q H Q R L A Q L L L I L S H I R H M S N K G M E H L Y S M K C K N V V P L S D L L L E M L D A H R L L A L S L T A D Q M V S A L L D A E P P I L Y S E Y D P T R P F S E A S M M G L L T N L A D R E L V H M I N W A K R V P G F V D L T L H D Q V H L L E C A W L E I L M I G L V W R S M E H P G K L L F A P N L L L D R N Q G K C V E G M V E I F D M L L A T S S R F R M M N L Q G E E F V C L K S I I L L N S G V Y T F T L K S L E E K D H I H R V L D K I T D T L I H L M A K A G L T L Q Q Q H Q R L A Q L L L I L S H I R H M S N K G M E H L Y S M K C K N V V P L S D L L L E M L D A H R L H </s> L S E M M L L T N L A D R E L M W L E I L M I G L V R L L F A L L D Q K C V E G M V E I F D M L L M S K G M E H L Y S M K V L L L </s> C [ C @ ] 1 2 C C [ C @ @ H ] 3 c 4 c c c ( O ) c c 4 C C [ C @ H ] 3 [ C @ @ H ] 1 C C [ C @ @ ] 2 ( O ) / C = C / c 1 c c c c c 1 C ( F ) ( F ) F
2p4y,N P E S A D L R A L A K H L Y D S Y I K S F P L T K A K A R A I L T K S P F V I Y D M N S I R I F Q G C Q F R S V E A V Q E I T E Y A K S I P G F V N L D L N D Q V T L L K Y G V H E I I Y T M L A S L M N K D G V L I S E G Q G F M T R E F L K S L R K P F G D F M E P K F E F A V K F N A L E L D D S D L A I F I A V I I L S G D R P G L L N V K P I E D I Q D N L L Q A L E L Q L K L N H P E S S Q L F A K L L Q K M T D L R Q I V T E H V Q L L Q V I K K T E T D M S L H P L L Q E I Y K D L Y A D L R A L A K H L Y D S Y I K S F P L T K A K A R A I L S P F V I Y D M N S A I R I F Q G C Q F R S V E A V Q E I T E Y A K S I P G F V N L D L N D Q V T L L K Y G V H E I I Y T M L A S L M N K D G V L I S E G Q G F M T R E F L K S L R K P F G D F M E P K F E F A V K F N A L E L D D S D L A I F I A V I I L S G D R P G L L N V K P I E D I Q D N L L Q A L E L Q L K L N H P E S S Q L F A K L L Q K M T D L R Q I V T E H V Q L L H P L L Q E I Y K D L Y </s> Y S F P L I R I F Q G C Q F R S V E A V Q E I T Y V H I I Y T M L A S L M G V L I S E G Q G F M T R F L L F M E K F I I H L L L Y </s> C O c 1 c c c 2 c ( - c 3 c ( C ) n ( C c 4 c c ( O [ C @ H ] ( C ) C ( = O ) [ O - ] ) c c c 4 C l ) c 4 c c ( O C ( F ) ( F ) F ) c c c 3 4 ) n o c 2 c 1
2pog,L A L S L T A D Q M V S A L L D A E P P I L Y S E Y A S M M G L L T N L A D R E L V H M I N W A K R V P G F V D L T L H D Q V H L L E S A W L E I L M I G L V W R S M E H P G K L L F A P N L L L D R N Q G K S V E G M V E I F D M L L A T S S R F R M M N L Q G E E F V C L K S I I L L N S G V Y T F L S S T L K S L E E K D H I H R V L D K I T D T L I H L M A K A G L T L Q Q Q H Q R L A Q L L L I L S H I R H M S N K G M E H L Y S M K V P L Y D L L L E M L D A H R L H L A L S L T A D Q M V S A L L D A E P P I L Y S E S M M G L L T N L A D R E L V H M I N W A K R V P G F V D L T L H D Q V H L L E S A W L E I L M I G L V W R S M E H P G K L L F A P N L L L D R N Q G K S V E G M V E I F D M L L A T S S R F R M M N L Q G E E F V C L K S I I L L N S G V Y T F S T L K S L E E K D H I H R V L D K I T D T L I H L M A K A G L T L Q Q Q H Q R L A Q L L L I L S H I R H M S N K G M E H L Y S M </s> L M M L L T N L A D R E L M W L E I L M I G L V R S L L F A L G V E G M V E I F D M L M S K G M E H L Y S M </s> O c 1 c c c ( [ C @ @ H ] 2 O c 3 c c c c ( O ) c 3 [ C @ @ H ] 3 C C C [ C @ @ H ] 3 2 ) c c 1
2qbp,E M E K E F E Q I D K S G S W A A I Y Q D I R H E A S D F P C R V A K L P K N K N R N R Y R D V S P F D H S R I K L H Q E D N D Y I N A S L I K M E E A Q R S Y I L T Q G P L P N T C G H F W E M V W E Q K S R G V V M L N R V M E K G S L K C A Q Y W P Q K E E K E M I F E D T N L K L T L I S E D I K S Y Y T V R Q L E L E N L T T Q E T R E I L H F H Y T T W P D F G V P E S P A S F L N F L F K V R E S G S L S P E H G P V V V H C S A G I G R S G T F C L A D T C L L L M D K R K D P S S V D I K K V L L E M R K F R M G L I Q T A D Q L R F S Y L A V I E G A K F I M G D S S V Q D Q W K E L S H E D </s> Y Q I R H E A S D F C R Y R D V S F G L N R E K S K W P D F G V H C S A G I G R S G T R R M G L I Q T Q </s> O = C ( [ O - ] ) C O c 1 c ( C ( = O ) [ O - ] ) s c ( - c 2 c c c c ( N C 3 C C N ( S ( = O ) ( = O ) C c 4 c c c c c 4 ) C C 3 ) c 2 ) c 1 B r
2qbq,E M E K E F E Q I D K S G S W A A I Y Q D I R H E A S D F P C R V A K L P K N K N R N R Y R D V S P F D H S R I K L H Q E D N D Y I N A S L I K M E E A Q R S Y I L T Q G P L P N T C G H F W E M V W E Q K S R G V V M L N R V M E K G S L K C A Q Y W P Q K E E K E M I F E D T N L K L T L I S E D I K S Y Y T V R Q L E L E N L T T Q E T R E I L H F H Y T T W P D F G V P E S P A S F L N F L F K V R E S G S L S P E H G P V V V H C S A G I G R S G T F C L A D T C L L L M D K R K D P S S V D I K K V L L E M R K F R M G L I Q T A D Q L R F S Y L A V I E G A K F I M G D S S V Q D Q W K E L S H E D </s> Y Q R H R Y R D V S F G L N R E K S L K W P D F G V H C S A G I G R S G T R R M G L I Q T Q </s> C C 1 ( C ) C C ( N c 2 c c c c ( - c 3 s c ( C ( = O ) [ O - ] ) c ( O C C ( = O ) [ O - ] ) c 3 B r ) c 2 ) C C ( C ) ( C ) C 1
2qbr,E M E K E F E Q I D K S G S W A A I Y Q D I R H E A S D F P C R V A K L P K N K N R N R Y R D V S P F D H S R I K L H Q E D N D Y I N A S L I K M E E A Q R S Y I L T Q G P L P N T C G H F W E M V W E Q K S R G V V M L N R V M E K G S L K C A Q Y W P Q K E E K E M I F E D T N L K L T L I S E D I K S Y Y T V R Q L E L E N L T T Q E T R E I L H F H Y T T W P D F G V P E S P A S F L N F L F K V R E S G S L S P E H G P V V V H C S A G I G R S G T F C L A D T C L L L M D K R K D P S S V D I K K V L L E M R K F R M G L I Q T A D Q L R F S Y L A V I E G A K F I M G D S S V Q D Q W K E L S H E D L </s> Y R A R Y R D V S F G L N R E K S L K W P D F G V H C S A G I G R S G T R R M G L I Q T Q </s> O = C ( [ O - ] ) C O c 1 c ( C ( = O ) [ O - ] ) s c ( - c 2 c c c c ( N C c 3 c c c c c 3 ) c 2 ) c 1 B r
2qe4,L A L S L T A D Q M V S A L L D A E P P I L Y S E P F S E A S M M G L L T N L A D R E L V H M I N W A K R V P G F V D L T L H D Q V H L L E S A W L E I L M I G L V W R S M E H P G K L L F A P N L L L D R N Q G K S V E G M V E I F D M L L A T S S R F R M M N L Q G E E F V C L K S I I L L N S G V Y T K D H I H R V L D K I T D T L I H L M A K A G L T L Q Q Q H Q R L A Q L L L I L S H I R H M S N K G M E H L Y S M L A L S L T A D Q M V S A L L D A E P P I L Y S E S M M G L L T N L A D R E L V H M I N W A K R V P G F V D L T L H D Q V H L L E S A W L E I L M I G L V W R S M E H P G K L L F A P N L L L D R N Q G K S V E G M V E I F D M L L A T S S R F R M M N L Q G E E F V C L K S I I L L N S G V Y T F E K D H I H R V L D K I T D T L I H L M A K A G L T L Q Q Q H Q R L A Q L L L I L S H I R H M S N K G M E H L Y S M </s> L M M G L L T N L A D R E L M W L E I L M I G L V R S L L F A L L G V E G M V E I F D M L M S K G M E H L Y S M </s> C O C c 1 c c ( O ) c c 2 c 1 O [ C @ @ H ] ( c 1 c c c ( O ) c c 1 ) [ C @ H ] 1 C C C [ C @ @ H ] 2 1
2qnq,P Q I T L W Q R P L V T I K I G G Q L K E A L L D T G A D D T V L E E M S L P G R W K P K M I G G I G G F I K V R Q Y D Q I L I E I C G H K A I G T V L V G P T P V N I I G R N L L T Q I G C T L N F P Q I T L W Q R P L V T I K I G G Q L K E A L L D T G A D D T V L E E M S L P G R W K P K M I G G I G G F I K V R Q Y D Q I L I E I C G H K A I G T V L V G P T P V N I I G R N L L T Q I G C T L N F </s> R L L D T G A D D T V L K M I G G I G G F I L T P V N I I G R N P </s> O = S ( = O ) ( c 1 c c c c c 1 C l ) N ( C c 1 c c c c c 1 ) [ C @ H ] 1 C [ N H 2 + ] C [ C @ @ H ] 1 N ( C c 1 c c c c c 1 ) S ( = O ) ( = O ) c 1 c c c c c 1 C l
2r9w,A P Q Q I N D I V H R T I T P L I E Q Q K I P G M A V A V I Y Q G K P Y Y F T W G Y A D I A K K Q P V T Q Q T L F E L G S V S K T F T G V L G G D A I A R G E I K L S D P T T K Y W P E L T A K Q W N G I T L L H L A T Y T A G G L P L Q V P D E V K S S S D L L R F Y Q N W Q P A W A P G T Q R L Y A N S S I G L F G A L A V K P S G L S F E Q A M Q T R V F Q P L K L N H T W I N V P P A E E K N Y A W G Y R E G K A V H V S P G A L D A E A Y G V K S T I E D M A R W V Q S N L K P L D I N E K T L Q Q G I Q L A Q S R Y W Q T G D M Y Q G L G W E M L D W P V N P D S I I N G S D N K I A L A A R P V K A I T P P T P A V R A S W V H K T G A T G G F G S Y V A F I P E K E L G I V M L A N K N Y P N P A R V D A A W Q I L N A L Q </s> E L G S V S K P L Q V D Y A N S R V H V S P G D A Y G S N K A L K T G A T G G F G S N N R </s> O = C ( [ O - ] ) c 1 c c c 2 c ( c 1 ) C ( = O ) N ( [ C @ H ] ( C c 1 c c c c 3 c c c c c 1 3 ) C ( = O ) [ O - ] ) C 2 = O
2v00,S T G S A T T T P I D S L D D A Y I T P V Q I G T P A Q T L N L D F D T G S S D L W V F S S E T T A S E V D G Q T I Y T P S K S T T A K L L S G A T W S I S Y G D G S S S S G D V Y T D T V S V G G L T V T G Q A V E S A K K V S S S F T E D S T I D G L L G L A F S T L N T V S P T Q Q K T F F D N A K A S L D S P V F T A D L G Y H A P G T Y N F G F I D T T A Y T G S I T Y T A V S T K Q G F W E W T S T G Y A V G S G T F K S T S I D G I A D T G T T L L Y L P A T V V S A Y W A Q V S G A K S S S S V G G Y V F P C S A T L P S F T F G V G S A R I V I P G D Y I D F G P I S T G S S S C F G G I Q S S A G I G I N I F G D V A L K A A F V V F N G A T T P T L G F A S K </s> I D A Y D F D T G S S W I S Y G D G S S S S S F D T I G L L L A F I A D T G T T L Y I </s> N c 1 n c ( C C c 2 c c c c c 2 ) c c ( = O ) [ n H ] 1
2v7a,D K W E M E R T D I T M K H K L G G G Q Y G E V Y E G V W K K Y S L T V A V K T L K E D T M E V E E F L K E A A V M K E I K H P N L V Q L L G V C T R E P P F Y I I I E F M T Y G N L L D Y L R E C N R Q E V N A V V L L Y M A T Q I S S A M E Y L E K K N F I H R D L A A R N C L V G E N H L V K V A D F G L S R L M T G D T T A H A G A K F P I K W T A P E S L A Y N K F S I K S D V W A F G V L L W E I A T Y G M S P Y P G I D L S Q V Y E L L E K D Y R M E R P E G C P E K V Y E L M R A C W Q W N P S D R P S F A E I H Q A F E T M F Q E S S I S </s> K L G G G Q Y G E V Y E T V A V K T E M V Q I I I E F M T Y G N L L D Y E A A R N C L V K V A D F G </s> C O [ C @ @ H ] ( C ( = O ) N 1 C c 2 [ n H ] n c ( N C ( = O ) c 3 c c c ( N 4 C C [ N H + ] ( C ) C C 4 ) c c 3 ) c 2 C 1 ) c 1 c c c c c 1
2vkm,G S F V E M V D N L R G K S G Q G Y Y V E M T V G S P P Q T L N I L V D T G S S N F A V G A A P H P F L H R Y Y Q R Q L S S T Y R D L R K G V Y V P Y T Q G K W E G E L G T D L V S I P H G P N V T V R A N I A A I T E S D K F F I N G S N W E G I L G L A Y A E I A R P D D S L E P F F D S L V K Q T H V P N L F S L Q L C G A G F P L N Q S E V L A S V G G S M I I G G I D H S L Y T G S L W Y T P I R R E W Y Y E V I I V R V E I N G Q D L K M D C K E Y N Y D K S I V D S G T T N L R L P K K V F E A A V K S I K A A S S T E K F P D G F W L G E Q L V C W Q A G T T P W N I F P V I S L Y L M G E V T N Q S F R I T I L P Q Q Y L R P V E D V A T S Q D D C Y K F A I S Q S S T G T V M G A V I M E G F Y V V F D R A R K R I G F A V S A C H V H D E F R T A A V E G P F V T L D M E D C G Y N </s> G K S G Q G Y L V D T G S S N V P Y T Q G K W D K F F I S W G I L G L A Y A E I A R L W Y Y K I V D S G T T N L R L L G R F A I S Q S S T V G A V M E </s> C O c 1 c c c c ( C [ N H 2 + ] C [ C @ @ H ] ( O ) [ C @ H ] ( C c 2 c c c c c 2 ) N C ( = O ) c 2 c c ( C ( = O ) N [ C @ H ] ( C ) c 3 c c c c c 3 ) c c ( N ( C ) S ( C ) ( = O ) = O ) c 2 ) c 1
2vvn,S L Q P P P Q Q L I V Q N K T I D L P A V Y Q L N G G E E A N P H A V K V L K E L L S G K Q S S K K G M L I S I G E K G D K S V R K Y S R Q I P D H K E G Y Y L S V N E K E I V L A G N D E R G T Y Y A L Q T F A Q L L K D G K L P E V E I K D Y P S V R Y R G V V E G F Y G T P W S H Q A R L S Q L K F Y G K N K M N T Y I Y G P K D D P Y H S A P N W R L P Y P D K E A A Q L Q E L V A V A N E N E V D F V W A I H P G Q D I K W N K E D R D L L L A K F E K M Y Q L G V R S F A V F F D D I S G E G T N P Q K Q A E L L N Y I D E K F A Q V K P D I N Q L V M C P T E Y N K S W S N P N G N Y L T T L G D K L N P S I Q I M W T G D R V I S D I T R D G I S W I N E R I K R P A Y I W W N F P V S D Y V R D H L L L G P V Y G N D T T I A K E M S G F V T N P M E H A E S S K I A I Y S V A S Y A W N P A K Y D T W Q T W K D A I R T I L P S A A E E L E C F A M H N S D L G P N G H G Y R R E E S M D I Q P A A E R F L K A F K E G K N Y D K A D F E T L Q Y T F E R M K E S A D I L L M N T E N K P L I V E I T P W V H Q F K L T A E M G E E V L K M V E G R N E S Y F L R K Y N H V K A L Q Q Q M F Y I D Q T S N Q N P Y Q P G V K T A T R V I K P L I D R T F A T V V K F F N Q K F N A H L D A T T D Y M P H K M L P L Q V K A N R V L I S P V E I E L D A I Y P G E N I Q I N F R L S A G L Q K A P V K F V R F Q F V L T I E K </s> V E G F Y G G P K D H H F F D D M C P T E Y N W I M W T G R V I Y I W W N F P V S D Y V R N P H </s> C C N C 1 = N [ C @ @ H ] 2 [ C @ @ H ] ( O ) [ C @ H ] ( O ) [ C @ @ H ] ( C O ) O [ C @ @ H ] 2 S 1
2vw5,M A S E T F E F Q A E I T Q L M S L I I N T V Y S N K E I F L R E L I S N A S D A L D K I R Y K S L S D P K Q L E T E P D L F I R I T P K P E Q K V L E I R D S G I G M T K A E L I N N L G T I A K S G T K A F M E A L S A G A D V S M I G Q F G V G F Y S L F L V A D R V Q V I S K S N D D E Q Y I W E S N A G G S F T V T L D E V N E R I G R G T I L R L F L K D D Q L E Y L E E K R I K E V I K R H S E F V A Y P I Q L V V T K E V E </s> I L E L I S N A S D A L D K I I R D S G I G M T A E L N N L G I K S T I G F G V G F Y S L V I S K W G T I L </s> C O [ C @ H ] 1 C [ C @ H ] ( C ) C c 2 c c ( O ) c c ( c 2 ) N C ( = O ) / C ( C ) = C / C C [ C @ H ] ( C ) [ C @ @ H ] ( O C ( N ) = O ) / C ( C ) = C / [ C @ H ] ( C ) [ C @ H ] 1 O
2w4x,S L Q P P P Q Q L I V Q N K T I D L P A V Y Q L N G G E E A N P H A V K V L K E L L S G M L I S I G E K G D K S V R K Y S R Q I P D H K E G Y Y L S V N E K E I V L A G N D E R G T Y Y A L Q T F A Q L L K D G K L P E V E I K D Y P S V R Y R G V V E G F Y G T P W S H Q A R L S Q L K F Y G K N K M N T Y I Y G P K D D P Y H S A P N W R L P Y P D K E A A Q L Q E L V A V A N E N E V D F V W A I H P G Q D I K W N K E D R D L L L A K F E K M Y Q L G V R S F A V F F D D I S G E G T N P Q K Q A E L L N Y I D E K F A Q V K P D I N Q L V M C P T E Y N K S W S N P N G N Y L T T L G D K L N P S I Q I M W T G D R V I S D I T R D G I S W I N E R I K R P A Y I W W N F P V S D Y V R D H L L L G P V Y G N D T T I A K E M S G F V T N P M E H A E S S K I A I Y S V A S Y A W N P A K Y D T W Q T W K D A I R T I L P S A A E E L E C F A M H N S D L G P N G H G Y R R E E S M D I Q P A A E R F L K A F K E G K N Y D K A D F E T L Q Y T F E R M K E S A D I L L M N T E N K P L I V E I T P W V H Q F K L T A E M G E E V L K M V E G R N E S Y F L R K Y N H V K A L Q Q Q M F Y I D Q T S N Q N P Y Q P G V K T A T R V I K P L I D R T F A T V V K F F N Q K F N A H L D A T T D </s> V E G F Y K H F F D D C P T Y N W M W T R V I W W N F V S D Y V R N P H Q </s> C N ( N = O ) C ( = O ) N [ C @ @ H ] 1 [ C @ @ H ] ( O ) [ C @ H ] ( O ) [ C @ @ H ] ( C O ) O [ C @ H ] 1 O
2w66,S L Q P P P Q Q L I V Q N K T I D L P A V Y Q L N G G E E A N P H A V K V L K E L L S G K Q S S K K G M L I S I G E K G D K S V R K Y S R Q I P D H K E G Y Y L S V N E K E I V L A G N D E R G T Y Y A L Q T F A Q L L K D G K L P E V E I K D Y P S V R Y R G V V E G F Y G T P W S H Q A R L S Q L K F Y G K N K M N T Y I Y G P K D D P Y H S A P N W R L P Y P D K E A A Q L Q E L V A V A N E N E V D F V W A I H P G Q D I K W N K E D R D L L L A K F E K M Y Q L G V R S F A V F F D D I S G E G T N P Q K Q A E L L N Y I D E K F A Q V K P D I N Q L V M C P T E Y N K S W S N P N G N Y L T T L G D K L N P S I Q I M W T G D R V I S D I T R D G I S W I N E R I K R P A Y I W W N F P V S D Y V R D H L L L G P V Y G N D T T I A K E M S G F V T N P M E H A E S S K I A I Y S V A S Y A W N P A K Y D T W Q T W K D A I R T I L P S A A E E L E C F A M H N S D L G P N G H G Y R R E E S M D I Q P A A E R F L K A F K E G K N Y D K A D F E T L Q Y T F E R M K E S A D I L L M N T E N K P L I V E I T P W V H Q F K L T A E M G E E V L K M V E G R N E S Y F L R K Y N H V K A L Q Q Q M F Y I D Q T S N Q N P Y Q P G V K T A T R V I K P L I D R T F A T V V K F F N Q K F N A H L D A T T D Y M P H K M L P L Q V K A N R V L I S P V E I E L D A I Y P G E N I Q I N F R L S A G L Q K A P V K F V R F F V L T I E K </s> V E G F Y G G P K D H H F F D D C P T E Y N W M W T R V I W W N F P V S D Y V R N P H </s> C C ( = O ) N [ C @ @ H ] 1 [ C @ @ H ] ( O ) [ C @ H ] ( O ) [ C @ @ H ] ( C O ) [ N H 2 + ] C [ C @ H ] 1 O
2wbg,V K K F P E G F L W G V A T A S Y Q I E G S P L A D G A G M S I W H T F S H T P G N V K N G D T G D V A C D H Y N R W K E D I E I I E K L G V K A Y R F S I S W P R I L P E G T G R V N Q K G L D F Y N R I I D T L L E K G I T P F V T I Y H W D L P F A L Q L K G G W A N R E I A D W F A E Y S R V L F E N F G D R V K N W I T L N E P W V V A I V G H L Y G V H A P G M R D I Y V A F R A V H N L L R A H A R A V K V F R E T V K D G K I G I V F N N G Y F E P A S E K E E D I R A V R F M H Q F N N Y P L F L N P I Y R G D Y P E L V L E F A R E Y L P E N Y K D D M S E I Q E K I D F V G L N Y Y S G H L V K F D P D A P A K V S F V E R D L P K T A M G W E I V P E G I Y W I L K K V K E E Y N P P E V Y I T E N G A A F D D V V S E D G R V H D Q N R I D Y L K A H I G Q A W K A I Q E G V P L K G Y F V W S L L D N F E W A E G Y S K R F G I V Y V D Y S T Q K R I V K D S G Y W Y S N V V K N N G L E V K K F P E G F L W G V A T A S Y Q I E G S P L A D G A G M S I W H T F S H T P G N V K N G D T G D V A C D H Y N R W K E D I E I I E K L G V K A Y R F S I S W P R I L P E G T G R V N Q K G L D F Y N R I I D T L L E K G I T P F V T I Y H W D L P F A L Q L K G G W A N R E I A D W F A E Y S R V L F E N F G D R V K N W I T L N E P W V V A I V G H L Y G V H A P G M R D I Y V A F R A V H N L L R A H A R A V K V F R E T V K D G K I G I V F N N G Y F E P A S E K E E D I R A V R F M H Q F N N Y P L F L N P I Y R G D Y P E L V L E F A R E Y L P E N Y K D D M S E I Q E K I D F V G L N Y Y S G H L V K F D P D A P A K V S F V E R D L P K T A M G W E I V P E G I Y W I L K K V K E E Y N P P E V Y I T E N G A A F D D V V S E D G R V H D Q N R I D Y L K A H I G Q A W K A I Q E G V P L K G Y F V W S L L D N F E W A E G Y S K R F G I V Y V D Y S T Q K R I V K D S G Y W Y S N V V K N N G L E </s> A T A S Y Q R T H W N E W V V Y H V F N N G F M N N Y Y S G H F T M G W E T E N G A A Y W S L N F E W K F </s> C C C C C C C C / N = C 1 \ O C [ C @ @ H ] 2 [ C @ @ H ] ( O ) [ C @ H ] ( O ) [ C @ @ H ] ( O ) [ C @ H ] ( O ) N 1 2
2wca,L Q P P P Q Q L I V Q N K T I D L P A V Y Q L N G G E E A N P H A V K V L K E L L S G M L I S I G E K G D K S V R K Y S R Q I P D H K E G Y Y L S V N E K E I V L A G N D E R G T Y Y A L Q T F A Q L L K D G K L P E V E I K D Y P S V R Y R G V V E G F Y G T P W S H Q A R L S Q L K F Y G K N K M N T Y I Y G P K D D P Y H S A P N W R L P Y P D K E A A Q L Q E L V A V A N E N E V D F V W A I H P G Q D I K W N K E D R D L L L A K F E K M Y Q L G V R S F A V F F D D I S G E G T N P Q K Q A E L L N Y I D E K F A Q V K P D I N Q L V M C P T E Y N K S W S N P N G N Y L T T L G D K L N P S I Q I M W T G D R V I S D I T R D G I S W I N E R I K R P A Y I W W N F P V S D Y V R D H L L L G P V Y G N D T T I A K E M S G F V T N P M E H A E S S K I A I Y S V A S Y A W N P A K Y D T W Q T W K D A I R T I L P S A A E E L E C F A M H N S D L G P N G H G Y R R E E S M D I Q P A A E R F L K A F K E G K N Y D K A D F E T L Q Y T F E R M K E S A D I L L M N T E N K P L I V E I T P W V H Q F K L T A E M G E E V L K M V E G R N E S Y F L R K Y N H V K A L Q Q Q M F Y I D Q T S N Q N P Y Q P G V K T A T R V I K P L I D R T F A T V V K F F N Q K F N A H L D A T T D </s> V E G F Y G K F F D D M C P E Y N W M W T G R V I Y I W W N F P V S D Y V R N P G H </s> C C C C ( = O ) N [ C @ H ] 1 / C ( = N / O C ( = O ) N c 2 c c c c c 2 ) O [ C @ H ] ( C O ) [ C @ @ H ] ( O ) [ C @ @ H ] 1 O
2weg,H H W G Y G K H N G P E H W H K D F P I A K G E R Q S P V D I D T H T A K Y D P S L K P L S V S Y D Q A T S L R I L N N G H A F N V E F D D S Q D K A V L K G G P L D G T Y R L I Q F H F H W G S L D G Q G S E H T V D K K K Y A A E L H L V H W N T K Y G D F G K A V Q Q P D G L A V L G I F L K V G S A K P G L Q K V V D V L D S I K T K G K S A D F T N F D P R G L L P E S L D Y W T Y P G S L T T P P L L E C V T W I V L K E P I S V S S E Q V L K F R K L N F N G E G E P E E L M V D N W R P A Q P L K N R Q I K A S F K </s> W Y W S P N A N I Q F H F H E H E L H L V H F V L A V L G S L T T P P L L C V W N R </s> N S ( = O ) ( = O ) c 1 c c c c c 1 F
2wer,M A S E T F E F Q A E I T Q L M S L I I N T V Y S N K E I F L R E I V S N A S D A L D K I R Y K S L S D P K Q L E T E P D L F I R I T P K P E Q K V L E I R D S G I G M T K A E L I N N L G T I A K S G T K A F M E A L S A G A D V S M I G Q F G V G F Y S L F L V A D R V Q V I S K S N D D E Q Y I W E S N A G G S F T V T L D E V N E R I G R G T I L R L F L K D D Q L E Y L E E K R I K E V I K R H S E F V A Y P I Q L V V T K E V E M A S E T F E F Q A E I T Q L M S L I I N T V Y S N K E I F L R E I V S N A S D A L D K I R Y K S L S D P K Q L E T E P D L F I R I T P K P E Q K V L E I R D S G I G M T K A E L I N N L G T I A K S G T K A F M E A L S A G A D V S M I G Q F G V G F Y S L F L V A D R V Q V I S K S N D D E Q Y I W E S N A G G S F T V T L D E V N E R I G R G T I L R L F L K D D Q L E Y L E E K R I K E V I K R H S E F V A Y P I Q L V V T K E V E </s> F E I V S N A S D A L D K I I R D S G I G M T E L N N L G G V G F Y L V I S K G T I L </s> C [ C @ @ H ] 1 C [ C @ H ] 2 O [ C @ @ H ] 2 / C = C \ C = C \ C ( = O ) C c 2 c ( C l ) c ( O ) c c ( O ) c 2 C ( = O ) O 1
2wn9,L H S Q A N L M R L K S D L F N R S P M Y P G P T K D D P L T V T L G F T L Q D I V K A D S S T N E V D L V Y Y E Q Q R W K L N S L M W D P N E Y G N I T D F R T S A A D I W T P D I T A Y S S T R P V Q V L S P Q I A V V T H D G S V M F I P A Q R L S F M C D P T G V D S E E G A T C A V K F G S W V Y S G F E I D L K T D T D Q V D L S S Y Y A S S K Y E I L S A T Q T R Q V Q H Y S C C P E P Y I D V N L V V K F R E R R D D K L H S Q A N L M R L K S D L F N R S P M Y P G P T K D D P L T V T L G F T L Q D I V K A D S S T N E V D L V Y Y E Q Q R W K L N S L M W D P N E Y G N I T D F R T S A A D I W T P D I T A Y S S T R P V Q V L S P Q I A V V T H D G S V M F I P A Q R L S F M C D P T G V D S E E G A T C A V K F G S W V Y S G F E I D L K T D T D Q V D L S S Y Y A S S K Y E I L S A T Q T R Q V Q H Y S C C P E P Y I D V N L V V K F R E R D D D D K L H S Q A N L M R L K S D L F N R S P M Y P G P T K D D P L T V T L G F T L Q D I V K A D S S T N E V D L V Y Y E Q Q R W K L N S L M W D P N E Y G N I T D F R T S A A D I W T P D I T A Y S S T R P V Q V L S P Q I A V V T H D G S V M F I P A Q R L S F M C D P T G V D S E E G A T C A V K F G S W V Y S G F E I D L K T D T D Q V D L S S Y Y A S S K Y E I L S A T Q T R Q V Q H Y S C C P E P Y I D V N L V V K F R E R R D K L H S Q A N L M R L K S D L F N R S Y P G P T K D D P L T V T L G F T L Q D I V K A D S S T N E V D L V Y Y E Q Q R W K L N S L M W D P N E Y G N I T D F R T S A A D I W T P D I T A Y S S T R P V Q V L S P Q I A V V T H D G S V M F I P A Q R L S F M C D P T G V D S E E G A T C A V K F G S W V Y S G F E I D L K T D T D Q V D L S S Y Y A S S K Y E I L S A T Q T R Q V Q H P E P Y I D V N L V V K F R E R R D Y K D D D D K L H S Q A N L M R L K S D L F N R S Y P G P T K D D P L T V T L G F T L Q D I V K A D S S T N E V D L V Y Y E Q Q R W K L N S L M W D P N E Y G N I T D F R T S A A D I W T P D I T A Y S S T R P V Q V L S P Q I A V V T H D G S V M F I P A Q R L S F M C D P T G V D S E E G A T C A V K F G S W V Y S G F E I D L K T D T D Q V D L S S Y Y A S S K Y E I L S A T Q T R Q V Q H Y S C C P E P Y I D V N L V V K F R E R </s> D T A Y S K F G S W V Y S Q Y C C Y I D G F T L Q Y Y E Q Q R S P I A V M F I P A D L S S Y </s> C O c 1 c c ( O ) c c c 1 / C = C 1 \ C C C N = C 1 c 1 c c c n c 1
2wnc,D D D K L H S Q A N L M R L K S D L F N R S P M Y P G P T K D D P L T V T L G F T L Q D I V K A D S S T N E V D L V Y Y E Q Q R W K L N S L M W D P N E Y G N I T D F R T S A A D I W T P D I T A Y S S T R P V Q V L S P Q I A V V T H D G S V M F I P A Q R L S F M C D P T G V D S E E G A T C A V K F G S W V Y S G F E I D L K T D T D Q V D L S S Y Y A S S K Y E I L S A T Q T R Q V Q H Y S C C P E P Y I D V N L V V K F R E R R A G D D D K L H S Q A N L M R L K S D L F N R S P M Y P G P T K D D P L T V T L G F T L Q D I V K A D S S T N E V D L V Y Y E Q Q R W K L N S L M W D P N E Y G N I T D F R T S A A D I W T P D I T A Y S S T R P V Q V L S P Q I A V V T H D G S V M F I P A Q R L S F M C D P T G V D S E E G A T C A V K F G S W V Y S G F E I D L K T D T D Q V D L S S Y Y A S S K Y E I L S A T Q T R Q V Q H Y S C C P E P Y I D V N L V V K F R E R R D K L H S Q A N L M R L K S D L F N R S P M Y P G P T K D D P L T V T L G F T L Q D I V K A D S S T N E V D L V Y Y E Q Q R W K L N S L M W D P N E Y G N I T D F R T S A A D I W T P D I T A Y S S T R P V Q V L S P Q I A V V T H D G S V M F I P A Q R L S F M C D P T G V D S E E G A T C A V K F G S W V Y S G F E I D L K T D T D Q V D L S S Y Y A S S K Y E I L S A T Q T R Q V Q H Y S C C P E P Y I D V N L V V K F R E R R A D K L H S Q A N L M R L K S D L F N R S P M Y P G P T K D D P L T V T L G F T L Q D I V K A D S S T N E V D L V Y Y E Q Q R W K L N S L M W D P N E Y G N I T D F R T S A A D I W T P D I T A Y S S T R P V Q V L S P Q I A V V T H D G S V M F I P A Q R L S F M C D P T G V D S E E G A T C A V K F G S W V Y S G F E I D L K T D T D Q V D L S S Y Y A S S K Y E I L S A T Q T R Q V Q H Y S C C P E P Y I D V N L V V K F R E R R A G D D D K L H S Q A N L M R L K S D L F N R S P M Y P G P T K D D P L T V T L G F T L Q D I V K A D S S T N E V D L V Y Y E Q Q R W K L N S L M W D P N E Y G N I T D F R T S A A D I W T P D I T A Y S S T R P V Q V L S P Q I A V V T H D G S V M F I P A Q R L S F M C D P T G V D S E E G A T C A V K F G S W V Y S G F E I D L K T D T D Q V D L S S Y Y A S S K Y E I L S A T Q T R Q V Q H Y S C C P E P Y I D V N L V V K F R E R R </s> D T Y G S W V Y S Q H Y S C C E P Y I D T L G F T Y E Q Q R R S P I V M F I P A D D S S Q </s> C [ N @ @ H + ] 1 [ C @ @ H ] 2 C C [ C @ H ] 1 C [ C @ @ H ] ( O C ( = O ) c 1 c [ n H ] c 3 c c c c c 1 3 ) C 2
2wtv,K R Q W A L E D F E I G R P L G K G K F G N V Y L A R E K Q S K F I L A L K V L F K A Q L E K A G V E H Q L R R E V E I Q S H L R H P N I L R L Y G Y F H D A T R V Y L I L E Y A P R G E V Y K E L Q K L S K F D E Q R T A T Y I T E L A N A L S Y C H S K R V I H R D I K P E N L L L G S A G E L K I A D F G W S V H A P S S R R L G T L D Y L P P E M I E G R M H D E K V D L W S L G V L C Y E F L V G K P P F E A N T Y Q E T Y K R I S R V E F T F P D F V T E G A R D L I S R L L K H N P S Q R P M L R E V L E H P W I T A N S S K </s> R P L G K G K F G N V Y L L A L K V L L R L I L E Y A P R G E V Y K R D P E N L L L K I A D F G W S V H </s> O = C ( [ O - ] ) c 1 c c c ( N c 2 n c c 3 c ( n 2 ) - c 2 c c c ( C l ) c c 2 C ( c 2 c ( F ) c c c c 2 F ) = N C 3 ) c c 1
2wvt,E I P L K Y G A T N E G K R Q D P A M Q K F R D N R L G A F I H W G L Y A I P G G E W N G K V Y G G A A E W L K S W A K V P A D E W L K L M D Q W N P T K F D A K K W A K M A K E M G T K Y V K I T T K H H E G F C L W P S K Y T K Y T V A N T P Y K R D I L G E L V K A Y N D E G I D V H F Y F S V M D W S N P D Y R Y D I K S K E D S I A F S R F L E F T D N Q L K E L A T R Y P T V K D F W F D G T W D A S V K K N G W W T A H A E Q M L K E L V P G V A I N S R L R A D D K G K R H F D S N G R L M G D Y E S G Y E R R L P D P V K D L K V T Q W D W E A C M T I P E N Q W G Y H K D W S L S Y V K T P I E V I D R I V H A V S M G G N M V V N F G P Q A D G D F R P E E K A M A T A I G K W M N R Y G K A V Y A C D Y A G F E K Q D W G Y Y T R G K N D E V Y M V V F N Q P Y S E R L I V K T P K G I T V E K A T L L T T G E D I T V V E T T R N E Y N V S V P K K N P G E P Y V I Q L K V R A A E I P L K Y G A T N E G K R Q D P A M Q K F R D N R L G A F I H W G L Y A I P G G E W N G K V Y G G A A E W L K S W A K V P A D E W L K L M D Q W N P T K F D A K K W A K M A K E M G T K Y V K I T T K H H E G F C L W P S K Y T K Y T V A N T P Y K R D I L G E L V K A Y N D E G I D V H F Y F S V M D W S N P D Y R Y D I K S K E D S I A F S R F L E F T D N Q L K E L A T R Y P T V K D F W F D G T W D A S V K K N G W W T A H A E Q M L K E L V P G V A I N S R L R A D D K G K R H F D S N G R L M G D Y E S G Y E R R L P D P V K D L K V T Q W D W E A C M T I P E N Q W G Y H K D W S L S Y V K T P I E V I D R I V H A V S M G G N M V V N F G P Q A D G D F R P E E K A M A T A I G K W M N R Y G K A V Y A C D Y A G F E K Q D W G Y Y T R G K N D E V Y M V V F N Q P Y S E R L I V K T P K G I T V E K A T L L T T G E D I T V V E T T R N E Y N V S V P K K N P G E P Y V I Q L K V R A A K </s> F H Y A A E W T H H E Y S M W W F D G T W N R R S G Y E R A C M T N Q W G N </s> O C [ C @ @ H ] 1 [ N H 2 + ] [ C @ @ H ] ( C O ) [ C @ @ H ] ( O ) C ( O ) [ C @ @ H ] 1 O
2x00,Y K D D D D K L H S Q A N L M R L K S D L F N R S P M Y P G P T K D D P L T V T L G F T L Q D I V K A D S S T N E V D L V Y Y E Q Q R W K L N S L M W D P N E Y G N I T D F R T S A A D I W T P D I T A Y S S T R P V Q V L S P Q I A V V T H D G S V M F I P A Q R L S F M C D P T G V D S E E G A T C A V K F G S W V Y S G F E I D L K T D T D Q V D L S S Y Y A S S K Y E I L S A T Q T R Q V Q H Y S C C P E P Y I D V N L V V K F R E R R D D D D K L H S Q A N L M R L K S D L F N R S P M Y P G P T K D D P L T V T L G F T L Q D I V K A D S S T N E V D L V Y Y E Q Q R W K L N S L M W D P N E Y G N I T D F R T S A A D I W T P D I T A Y S S T R P V Q V L S P Q I A V V T H D G S V M F I P A Q R L S F M C D P T G V D S E E G A T C A V K F G S W V Y S G F E I D L K T D T D Q V D L S S Y Y A S S K Y E I L S A T Q T R Q V Q H Y S C C P E P Y I D V N L V V K F R E R R A D D D D K L H S Q A N L M R L K S D L F N R S P M Y P G P T K D D P L T V T L G F T L Q D I V K A D S S T N E V D L V Y Y E Q Q R W K L N S L M W D P N E Y G N I T D F R T S A A D I W T P D I T A Y S S T R P V Q V L S P Q I A V V T H D G S V M F I P A Q R L S F M C D P T G V D S E E G A T C A V K F G S W V Y S G F E I D L K T D T D Q V D L S S Y Y A S S K Y E I L S A T Q T R Q V Q H Y S C C P E P Y I D V N L V V K F R E R D D D L H S Q A N L M R L K S D L F N R S P M Y P G P T K D D P L T V T L G F T L Q D I V K A D S S T N E V D L V Y Y E Q Q R W K L N S L M W D P N E Y G N I T D F R T S A A D I W T P D I T A Y S S T R P V Q V L S P Q I A V V T H D G S V M F I P A Q R L S F M C D P T G V D S E E G A T C A V K F G S W V Y S G F E I D L K T D T D Q V D L S S Y Y A S S K Y E I L S A T Q T R Q V Q H Y S C C P E P Y I D V N L V V K F R E R R D D K L H S Q A N L M R L K S D L F N R S P M Y P G P T K D D P L T V T L G F T L Q D I V K A D S S T N E V D L V Y Y E Q Q R W K L N S L M W D P N E Y G N I T D F R T S A A D I W T P D I T A Y S S T R P V Q V L S P Q I A V V T H D G S V M F I P A Q R L S F M C D P T G V D S E E G A T C A V K F G S W V Y S G F E I D L K T D T D Q V D L S S Y Y A S S K Y E I L S A T Q T R Q V Q H Y S C C P E P Y I D V N L V V K F R E R R </s> D T A Y S S M A V K F G S W V Y S G E Q Q H Y S C C E P Y I D N T Q Y E Q Q D R S P I A V V T M F I P A D S S Y Y </s> C C 1 = C ( [ C @ @ H ] 2 C [ C @ H ] ( C ) C ( = O ) O 2 ) C C [ C @ ] 2 3 C C C N = C 2 C C / C = C ( \ C ) [ C @ @ H ] 2 O [ C @ @ H ] ( C C [ C @ H ] ( O ) / C ( C ) = C / [ C @ @ H ] 1 3 ) C [ C @ H ] 2 C
2xb8,L I V N V I N G P N L G R L G R R E P A V Y G G T T H D E L V A L I E R E A A E L G L K A V V R Q S D S E A Q L L D W I H Q A A D A A E P V I L N A G G L T H T S V A L R D A C A E L S A P L I E V H I S N V H A R E E F R R H S Y L S P I A T G V I V G L G I Q G Y L L A L R Y L A E H L I V N V I N G P N L G R L G R R E P A V Y G G T T H D E L V A L I E R E A A E L G L K A V V R Q S D S E A Q L L D W I H Q A A D A A E P V I L N A G G L T H T S V A L R D A C A E L S A P L I E V H I S N V H A R E E F R R H S Y L S P I A T G V I V G L G I Q G Y L L A L R Y L A E H L I V N V I N G P N L G R L G R R E P A V Y G G T T H D E L V A L I E R E A A E L G L K A V V R Q S D S E A Q L L D W I H Q A A D A A E P V I L N A G G L T H T S V A L R D A C A E L S A P L I E V H I S N V H A R E E F R R H S Y L S P I A T G V I V G L G I Q G Y L L A L R Y L A E H L I V N V I N G P N L G R L G R R E P A V Y G G T T H D E L V A L I E R E A A E L G L K A V V R Q S D S E A Q L L D W I H Q A A D A A E P V I L N A G G L T H T S V A L R D A C A E L S A P L I E V H I S N V H A R E E F R R H S Y L S P I A T G V I V G L G I Q G Y L L A L R Y L A E H L I V N V I N G P N L G R L G R R E P A V Y G G T T H D E L V A L I E R E A A E L G L K A V V R Q S D S E A Q L L D W I H Q A A D A A E P V I L N A G G L T H T S V A L R D A C A E L S A P L I E V H I S N V H A R E E F R R H S Y L S P I A T G V I V G L G I Q G Y L L A L R Y L A E H L I V N V I N G P N L G R L G R R E P A V Y G G T T H D E L V A L I E R E A A E L G L K A V V R Q S D S E A Q L L D W I H Q A A D A A E P V I L N A G G L T H T S V A L R D A C A E L S A P L I E V H I S N V H A R E E F R R H S Y L S P I A T G V I V G L G I Q G Y L L A L R Y L A E H L I V N V I N G P N L G R L G R R E P A V Y G G T T H D E L V A L I E R E A A E L G L K A V V R Q S D S E A Q L L D W I H Q A A D A A E P V I L N A G G L T H T S V A L R D A C A E L S A P L I E V H I S N V H A R E E F R R H S Y L S P I A T G V I V G L G I Q G Y L L A L R Y L A E H L I V N V I N G P N L G R L G R R E P A V Y G G T T H D E L V A L I E R E A A E L G L K A V V R Q S D S E A Q L L D W I H Q A A D A A E P V I L N A G G L T H T S V A L R D A C A E L S A P L I E V H I S N V H A R E E F R R H S Y L S P I A T G V I V G L G I Q G Y L L A L R Y L A E H L I V N V I N G P N L G R L G R R E P A V Y G G T T H D E L V A L I E R E A A E L G L K A V V R Q S D S E A Q L L D W I H Q A A D A A E P V I L N A G G L T H T S V A L R D A C A E L S A P L I E V H I S N V H A R E E F R R H S Y L S P I A T G V I V G L G I Q G Y L L A L R Y L A E H L I V N V I N G P N L G R L G R R E P A V Y G G T T H D E L V A L I E R E A A E L G L K A V V R Q S D S E A Q L L D W I H Q A A D A A E P V I L N A G G L T H T S V A L R D A C A E L S A P L I E V H I S N V H A R E E F R R H S Y L S P I A T G V I V G L G I Q G Y L L A L R Y L A E H L I V N V I N G P N L G R L G R R E P A V Y G G T T H D E L V A L I E R E A A E L G L K A V V R Q S D S E A Q L L D W I H Q A A D A A E P V I L N A G G L T H T S V A L R D A C A E L S A P L I E V H I S N V H A R E E F R R H S Y L S P I A T G V I V G L G I Q G Y L L A L R Y L A E H L I V N V I N G P N L G R L G R R E P A V Y G G T T H D E L V A L I E R E A A E L G L K A V V R Q S D S E A Q L L D W I H Q A A D A A E P V I L N A G G L T H T S V A L R D A C A E L S A P L I E V H I S N V H A R E E F R R H S Y L S P I A T G V I V G L G I Q G Y L L A L R Y L A E H </s> N G P N L G R L G R R E P V Y G T Q L N A G G L T H T E V H I S N V H R E F R R H I V G L G I Y H V A L R D A E </s> C O c 1 c c c ( C [ C @ H ] 2 C ( = O ) [ C @ @ H ] ( O ) [ C @ H ] ( O ) C [ C @ ] 2 ( O ) C ( = O ) [ O - ] ) c c 1
2xbv,I V G G Q E C K D G E C P W Q A L L I N E E N E G F C G G T I L S E F Y I L T A A H C L Y Q A K R F K V R V G D R N T E Q E E G G E A V H E V E V V I K H N R F T K E T Y D F D I A V L R L K T P I T F R M N V A P A C L P E R D W A E S T L M T Q K T G I V S G F G R T H E K G E Q S T R L K M L E V P Y V D R N S C K L S S S F I I T Q N M F C A G Y D T K Q E D A C Q G D S G G P H V T R F K D T Y F V T G I V S W G E G C A R K G K Y G I Y T K V T A F L K W I D R S M K T R C S D N G D C D Q F C V V C S C A R G Y T L A D N G K A C I P T G P Y P C G K Q T L E R </s> I V H Q F T K E T Y D D V G R T H E K G Q V S S F I I T M F C A G E D A C Q G D S G G H I V S W G E G C A R K Y G I Y T </s> O = C ( N c 1 c c c ( C l ) c n 1 ) [ C @ H ] 1 C [ N @ H + ] ( C C ( F ) F ) C [ C @ @ H ] 1 C ( = O ) N c 1 c c c ( - n 2 c c c c c 2 = O ) c c 1 F
2xdl,V E T F A F Q A E I A Q L M S L I I N T F Y S N K E I F L R E L I S N S S D A L D K I R Y E S L T D P S K L D S G K E L H I N L I P N K Q D R T L T I V D T G I G M T K A D L I N N L G T I A K S G T K A F M E A L Q A G A D I S M I G Q F G V G F Y S A Y L V A E K V T V I T K H N D D E Q Y A W E S S A G G S F T V R T D T G E P M G R G T K V I L H L K E D Q T E Y L E E R R I K E I V K K H S Q F I G Y P I T L F V E K V E T F A F Q A E I A Q L M S L I I N T F Y S N K E I F L R E L I S N S S D A L D K I R Y E S L T D P S K L D S G K E L H I N L I P N K Q D R T L T I V D T G I G M T K A D L I N N L G T I A K S G T K A F M E A L Q A G A D I S M I G Q F G V G F Y S A Y L V A E K V T V I T K H N D D E Q Y A W E S S A G G S F T V R T D T G E P M G R G T K V I L H L K E D Q T E Y L E E R R I K E I V K K H S Q F I G Y P I T L F V E K </s> F E L I S N S S D A L D K I I V D T G I G M T D L N L G T G V G F Y S A V I T K H G T K V Y </s> C C N ( C C ) C ( = O ) c 1 c c c ( O ) c ( O C ) c 1
2xii,E I P L K Y G A T N E G K R Q D P A M Q K F R D N R L G A F I H W G L Y A I P G G E W N G K V Y G G A A E W L K S W A K V P A D E W L K L M D Q W N P T K F D A K K W A K M A K E M G T K Y V K I T T K H H E G F C L W P S K Y T K Y T V A N T P Y K R D I L G E L V K A Y N D E G I D V H F Y F S V M D W S N P D Y R Y D I K S K E D S I A F S R F L E F T D N Q L K E L A T R Y P T V K D F W F D G T W D A S V K K N G W W T A H A E Q M L K E L V P G V A I N S R L R A D D K G K R H F D S N G R L M G D Y E S G Y E R R L P D P V K D L K V T Q W D W E A C M T I P E N Q W G Y H K D W S L S Y V K T P I E V I D R I V H A V S M G G N M V V N F G P Q A D G D F R P E E K A M A T A I G K W M N R Y G K A V Y A C D Y A G F E K Q D W G Y Y T R G K N D E V Y M V V F N Q P Y S E R L I V K T P K G I T V E K A T L L T T G E D I T V V E T T R N E Y N V S V P K K N P G E P Y V I Q L K V R A A </s> F H Y A A E W T K H H E Y S M W W F D G T W N S R L R R H E S G Y E R R C M T N Q W G N </s> C [ C @ @ H ] 1 [ N H 2 + ] [ C @ H ] ( C N C ( = O ) c 2 c c c c 3 c 2 C ( = O ) c 2 c c c c c 2 - 3 ) [ C @ @ H ] ( O ) [ C @ H ] ( O ) [ C @ @ H ] 1 O
2xj7,S L Q P P P Q Q L I V Q N K T I D L P A V Y Q L N G G E E A N P H A V K V L K E L L S G K Q S S K K G M L I S I G E K G D K S V R K Y S R Q I P D H K E G Y Y L S V N E K E I V L A G N D E R G T Y Y A L Q T F A Q L L K D G K L P E V E I K D Y P S V R Y R G V V E G F Y G T P W S H Q A R L S Q L K F Y G K N K M N T Y I Y G P K D D P Y H S A P N W R L P Y P D K E A A Q L Q E L V A V A N E N E V D F V W A I H P G Q D I K W N K E D R D L L L A K F E K M Y Q L G V R S F A V F F D D I S G E G T N P Q K Q A E L L N Y I D E K F A Q V K P D I N Q L V M C P T E Y N K S W S N P N G N Y L T T L G D K L N P S I Q I M W T G D R V I S D I T R D G I S W I N E R I K R P A Y I W W N F P V S D Y V R D H L L L G P V Y G N D T T I A K E M S G F V T N P M E H A E S S K I A I Y S V A S Y A W N P A K Y D T W Q T W K D A I R T I L P S A A E E L E C F A M H N S D L G P N G H G Y R R E E S M D I Q P A A E R F L K A F K E G N Y D K A D F E T L Q Y T F E R M K E S A D I L L M N T E N K P L I V E I T P W V H Q F K L T A E M G E E V L K M V E R N E S Y F L R K Y N H V K A L Q Q Q M F Y I D Q T S N Q N P Y Q P G V K T A T R V I K P L I D R T F A T V V K F F N Q K F N A H L D A T T D Y M P H K M P L Q V K A N R V L I S P V E I E L D A I Y P G E N I Q I L S A G L Q K A P V K F V F V L T I E K S L Q P P P Q Q L I V Q N K T I D L P A V Y Q L N G G E E A N P H A V K V L K E L L S G K Q S S K K G M L I S I G E K G D K S V R K Y S R Q I P D H K E G Y Y L S V N E K E I V L A G N D E R G T Y Y A L Q T F A Q L L K D G K L P E V E I K D Y P S V R Y R G V V E G F Y G T P W S H Q A R L S Q L K F Y G K N K M N T Y I Y G P K D D P Y H S A P N W R L P Y P D K E A A Q L Q E L V A V A N E N E V D F V W A I H P G Q D I K W N K E D R D L L L A K F E K M Y Q L G V R S F A V F F D D I S G E G T N P Q K Q A E L L N Y I D E K F A Q V K P D I N Q L V M C P T E Y N K S W S N P N G N Y L T T L G D K L N P S I Q I M W T G D R V I S D I T R D G I S W I N E R I K R P A Y I W W N F P V S D Y V R D H L L L G P V Y G N D T T I A K E M S G F V T N P M E H A E S S K I A I Y S V A S Y A W N P A K Y D T W Q T W K D A I R T I L P S A A E E L E C F A M H N S D L G P N G H G Y R R E E S M D I Q P A A E R F L K A F K E G K N Y D K A D F E T L Q Y T F E R M K E S A D I L L M N T E N K P L I V E I T P W V H Q F K L T A E M G E E V L K M V E R N E S Y F L R K Y N H V K A L Q Q Q M F Y I D Q T S N Q N P Y Q P G V K T A T R V I K P L I D R T F A T V V K F F N Q K F N A H L D A T T D Y M P H K M L P L Q V K A N R V L I S E I E L D A I Y P G N I Q G L K A P V K F V F V L T I E K </s> V E G F Y G G P K D H H F F D D C P T E Y N W M W T R V I S W W N F V S D Y V R N P H </s> C C ( = O ) N [ C @ H ] 1 C [ N @ @ H + ] 2 C C [ C @ H ] ( O ) [ C @ @ H ] 2 [ C @ @ H ] ( O ) [ C @ @ H ] 1 O
2xnb,M E N F Q K V E K I G E G T Y G V V Y K A R N K L T G E V V A L K K I R L D T E G V P S T A I R E I S L L K E L N H P N I V K L L D V I H T E N K L Y L V F E F L H Q D L K K F M D A S A L T G I P L P L I K S Y L F Q L L Q G L A F C H S H R V L H R D L K P Q N L L I N T E G A I K L A D F G L A R A F G V P V R T Y T H E V V T L W Y R A P E I L L G C K Y Y S T A V D I W S L G C I F A E M V T R R A L F P G D S E I D Q L F R I F R T L G T P D E V V W P G V T S M P D Y K P S F P K W A R Q D F S K V V P P L D E D G R S L L S Q M L H Y D P N K R I S A K A A L A H P F F Q D V T K P V P H L R L </s> E K I G E G T Y G V V Y K V A L K K I V K L V F E F L H Q D L K K F D K P Q N L L I K L A D F L L </s> C c 1 c ( - c 2 c c n c ( N c 3 c c c ( N 4 C C [ N H 2 + ] C C 4 ) c c 3 ) n 2 ) s c ( = O ) n 1 C
2xys,Q A N L M R L K S D L F N R S P M Y P G P T K D D P L T V T L G F T L Q D I V K V D S S T N E V D L V Y Y E Q Q R W K L N S L M W D P N E Y G N I T D F R T S A A D I W T P D I T A Y S S T R P V Q V L S P Q I A V V T H D G S V M F I P A Q R L S F M C D P T G V D S E E G V T C A V K F G S W V Y S G F E I D L K T D T D Q V D L S S Y Y A S S K Y E I L S A T Q T R Q V Q H Y S C C P E P Y I D V N L V V K F R E R Q A N L M R L K S D L F N R S P M Y P G P T K D D P L T V T L G F T L Q D I V K V D S S T N E V D L V Y Y E Q Q R W K L N S L M W D P N E Y G N I T D F R T S A A D I W T P D I T A Y S S T R P V Q V L S P Q I A V V T H D G S V M F I P A Q R L S F M C D P T G V D S E E G V T C A V K F G S W V Y S G F E I D L K T D T D Q V D L S S Y Y A S S K Y E I L S A T Q T R Q V Q H Y S C C P E P Y I D V N L V V K F R E R Q A N L M R L K S D L F N R S P M Y P G P T K D D P L T V T L G F T L Q D I V K V D S S T N E V D L V Y Y E Q Q R W K L N S L M W D P N E Y G N I T D F R T S A A D I W T P D I T A Y S S T R P V Q V L S P Q I A V V T H D G S V M F I P A Q R L S F M C D P T G V D S E E G V T C A V K F G S W V Y S G F E I D L K T D T D Q V D L S S Y Y A S S K Y E I L S A T Q T R Q V Q H Y S C C P E P Y I D V N L V V K F R E R Q A N L M R L K S D L F N R S P M Y P G P T K D D P L T V T L G F T L Q D I V K V D S S T N E V D L V Y Y E Q Q R W K L N S L M W D P N E Y G N I T D F R T S A A D I W T P D I T A Y S S T R P V Q V L S P Q I A V V T H D G S V M F I P A Q R L S F M C D P T G V D S E E G V T C A V K F G S W V Y S G F E I D L K T D T D Q V D L S S Y Y A S S K Y E I L S A T Q T R Q V Q H Y S C C P E P Y I D V N L V V K F R E R Q A N L M R L K S D L F N R S P M Y P G P T K D D P L T V T L G F T L Q D I V K V D S S T N E V D L V Y Y E Q Q R W K L N S L M W D P N E Y G N I T D F R T S A A D I W T P D I T A Y S S T R P V Q V L S P Q I A V V T H D G S V M F I P A Q R L S F M C D P T G V D S E E G V T C A V K F G S W V Y S G F E I D L K T D T D Q V D L S S Y Y A S S K Y E I L S A T Q T R Q V Q H Y S C C P E P Y I D V N L V V K F R E R </s> D T A Y S K F G S W V Y S G Q H Y S C C P E P Y I D G F T L Q Y E Q Q R R S V M F I P A D S S </s> O [ C @ @ H ] 1 C [ C @ @ H ] 2 O C C = C 3 C [ N @ @ H + ] 4 C C [ C @ ] 5 6 c 7 c c c c c 7 N 1 [ C @ H ] 5 [ C @ H ] 2 [ C @ H ] 3 C [ C @ H ] 4 6
2y5h,I V G G Q E C K D G E C P W Q A L L I N E E N E G F C G G T I L S E F Y I L T A A H C L Y Q A K R F K V R V G D R N T E Q E E G G E A V H E V E V V I K H N R F T K E T Y D F D I A V L R L K T P I T F R M N V A P A C L P E R D W A E S T L M T Q K T G I V S G F G R T H E K G E Q S T R L K M L E V P Y V D R N S C K L S S S F I I T Q N M F C A G Y D T K Q E D A C Q G D S G G P H V T R F K D T Y F V T G I V S W G E G C A R K G K Y G I Y T K V T A F L K W I D R S M K T K L C S L D N G D C D Q F C H E E Q N S V V C S C A R G Y T L A D N G K A C I P T G P Y P C G K Q T L E R R </s> I V F C H Q F T K E T Y D D V R E V S S F I I M F A D A C Q G D S G G I V S W G E G C A R Y G I Y T </s> C [ N + ] ( C ) ( C ) C C C N 1 C ( = O ) [ C @ @ H ] 2 [ C @ H ] ( C 1 = O ) [ C @ H ] ( c 1 c o c ( - c 3 c c c ( C l ) s 3 ) n 1 ) [ N @ H + ] 1 C C C [ C @ @ H ] 2 1
2yfe,D Q L N P E S A D L R A L A K H L Y D S Y I K S F P L T K A K A R A I L T G K T T D K S P F V I Y D M N S L M M G E D K I S K E V A I R I F Q G C Q F R S V E A V Q E I T E Y A K S I P G F V N L D L N D Q V T L L K Y G V H E I I Y T M L A S L M N K D G V L I S E G Q G F M T R E F L K S L R K P F G D F M E P K F E F A V K F N A L E L D D S D L A I F I A V I I L S G D R P G L L N V K P I E D I Q D N L L Q A L E L Q L K L N H P E S S Q L F A K L L Q K M T D L R Q I V T E H V Q L L Q V I K K T E T D M S L H P L L Q E I Y K D L </s> L I S L M G E D I E V A I R I F Q G C Q F R S V E A H I Y M L A L M V L I S E G Q G M T F L L F M K F H Y </s> C O c 1 c c ( C C c 2 c c c c c 2 ) c ( C ( = O ) [ O - ] ) c ( O ) c 1 C C = C ( C ) C
2yge,M A S E T F E F Q A E I T Q L M S L I I N T V Y S N K E I F L R E L I S N A S D A L D R I R Y K S L S D P K Q L E T E P D L F I R I T P K P E Q K V L E I R D S G I G M T K A E L I N N L G T I A N S G T K A F M E A L S A G A D V S M I G Q F G V G F Y S L F L V A D R V Q V I S K S N D D E Q Y I W E S N A G G S F T V T L D E V N E R I G R G T I L R L F L K D D Q L E Y L E E K R I K E V I K R H S E F V A Y P I Q L V V T K E V E </s> I L E L I S N A S D A L D R I K I R D S G I G M T E L N N L G I N S G T I G F G V G F Y S L V I S K W G T I L </s> C O C 1 = C 2 C [ C @ H ] ( C ) C [ C @ H ] ( O C ) [ C @ H ] ( O ) [ C @ @ H ] ( C ) / C = C ( \ C ) [ C @ H ] ( O C ( N ) = O ) [ C @ @ H ] ( O C ) / C = C \ C = C ( / C ) C ( = O ) N C ( = C C 1 = O ) C 2 = O
2yki,M E T F A F Q A E I A Q L M S L I I N T F Y S N K E I F L R E L I S N S S D A L D K I R Y E S L T D P S K L D S G K E L H I N L I P N K Q D R T L T I V D T G I G M T K A D L I N N L G T I A K S G T K A F M E A L Q A G A D I S M I G Q F G V G F Y S A Y L V A E K V T V I T K H N D D E Q Y A W E S S A G G S F T V R T D T G E P M G R G T K V I L H L K E D Q T E Y L E E R R I K E I V K K H S Q F I G Y P I T L F V E </s> F A F Q I A M E L I S N S S D A L K I V D T G I G M T K A D L I N N L G T I A K S G T F G V G F Y S V T V I T K A W E S F T V G T K V </s> O = C ( N [ C @ @ H ] 1 c 2 c c c c c 2 - c 2 c ( - c 3 n c 4 c c n c c 4 [ n H ] 3 ) c c c c 2 1 ) c 1 c c n c 2 [ n H ] c c c 1 2
2ymd,Q A N L M R L K S D L F N R S P M Y P G P T K D D P L T V T L G F T L Q D I V K V D S S T N E V D L V Y W E Q Q R W K L N S L M W D P N E Y G N I T D F R T S A A D I W T P D I T A Y E S T R P V Q V L S P Q I A V V T H D G S V M F I P A Q R L S F M C D P T G V D S E E G V T C A L T F G S W V Y S G F E I D L K T D T D Q V D L S S Y Y A S S K Y E I L S A T Q T R Q V Q H Y S C C P E P Y I D V N L V V K F R E R R A G N G F F Q A N L M R L K S D L F N R S P M Y P G P T K D D P L T V T L G F T L Q D I V K V D S S T N E V D L V Y W E Q Q R W K L N S L M W D P N E Y G N I T D F R T S A A D I W T P D I T A Y E S T R P V Q V L S P Q I A V V T H D G S V M F I P A Q R L S F M C D P T G V D S E E G V T C A L T F G S W V Y S G F E I D L K T D T D Q V D L S S Y Y A S S K Y E I L S A T Q T R Q V Q H Y S C C P E P Y I D V N L V V K F R E R R A G N G Q A N L M R L K S D L F N R S P M Y P G P T K D D P L T V T L G F T L Q D I V K V D S S T N E V D L V Y W E Q Q R W K L N S L M W D P N E Y G N I T D F R T S A A D I W T P D I T A Y E S T R P V Q V L S P Q I A V V T H D G S V M F I P A Q R L S F M C D P T G V D S E E G V T C A L T F G S W V Y S G F E I D L K T D T D Q V D L S S Y Y A S S K Y E I L S A T Q T R Q V Q H Y S C C P E P Y I D V N L V V K F R E R R A G N G F F Q A N L M R L K S D L F N R S P M Y P G P T K D D P L T V T L G F T L Q D I V K V D S S T N E V D L V Y W E Q Q R W K L N S L M W D P N E Y G N I T D F R T S A A D I W T P D I T A Y E S T R P V Q V L S P Q I A V V T H D G S V M F I P A Q R L S F M C D P T G V D S E E G V T C A L T F G S W V Y S G F E I D L K T D T D Q V D L S S Y Y A S S K Y E I L S A T Q T R Q V Q H Y S C C P E P Y I D V N L V V K F R E R R A G N G F F Q A N L M R L K S D L F N R S P M Y P G P T K D D P L T V T L G F T L Q D I V K V D S S T N E V D L V Y W E Q Q R W K L N S L M W D P N E Y G N I T D F R T S A A D I W T P D I T A Y E S T R P V Q V L S P Q I A V V T H D G S V M F I P A Q R L S F M C D P T G V D S E E G V T C A L T F G S W V Y S G F E I D L K T D T D Q V D L S S Y Y A S S K Y E I L S A T Q T R Q V Q H Y S C C P E P Y I D V N L V V K F R E R R A G N G F F Q A N L M R L K S D L F N R S P M Y P G P T K D D P L T V T L G F T L Q D I V K V D S S T N E V D L V Y W E Q Q R W K L N S L M W D P N E Y G N I T D F R T S A A D I W T P D I T A Y E S T R P V Q V L S P Q I A V V T H D G S V M F I P A Q R L S F M C D P T G V D S E E G V T C A L T F G S W V Y S G F E I D L K T D T D Q V D L S S Y Y A S S K Y E I L S A T Q T R Q V Q H Y S C C P E P Y I D V N L V V K F R E R R A G N G F F Q A N L M R L K S D L F N R S P M Y P G P T K D D P L T V T L G F T L Q D I V K V D S S T N E V D L V Y W E Q Q R W K L N S L M W D P N E Y G N I T D F R T S A A D I W T P D I T A Y E S T R P V Q V L S P Q I A V V T H D G S V M F I P A Q R L S F M C D P T G V D S E E G V T C A L T F G S W V Y S G F E I D L K T D T D Q V D L S S Y Y A S S K Y E I L S A T Q T R Q V Q H Y S C C P E P Y I D V N L V V K F R E R R A G N G F F Q A N L M R L K S D L F N R S P M Y P G P T K D D P L T V T L G F T L Q D I V K V D S S T N E V D L V Y W E Q Q R W K L N S L M W D P N E Y G N I T D F R T S A A D I W T P D I T A Y E S T R P V Q V L S P Q I A V V T H D G S V M F I P A Q R L S F M C D P T G V D S E E G V T C A L T F G S W V Y S G F E I D L K T D T D Q V D L S S Y Y A S S K Y E I L S A T Q T R Q V Q H Y S C C P E P Y I D V N L V V K F R E R Q A N L M R L K S D L F N R S P M Y P G P T K D D P L T V T L G F T L Q D I V K V D S S T N E V D L V Y W E Q Q R W K L N S L M W D P N E Y G N I T D F R T S A A D I W T P D I T A Y E S T R P V Q V L S P Q I A V V T H D G S V M F I P A Q R L S F M C D P T G V D S E E G V T C A L T F G S W V Y S G F E I D L K T D T D Q V D L S S Y Y A S S K Y E I L S A T Q T R Q V Q H Y S C C P E P Y I D V N L V V K F R E R R A G N G F F Q A N L M R L K S D L F N R S P M Y P G P T K D D P L T V T L G F T L Q D I V K V D S S T N E V D L V Y W E Q Q R W K L N S L M W D P N E Y G N I T D F R T S A A D I W T P D I T A Y E S T R P V Q V L S P Q I A V V T H D G S V M F I P A Q R L S F M C D P T G V D S E E G V T C A L T F G S W V Y S G F E I D L K T D T D Q V D L S S Y Y A S S K Y E I L S A T Q T R Q V Q H Y S C C P E P Y I D V N L V V K F R E R R A G N G F F </s> D T Y G S W V Y S E H Y S C C E Y W E Q Q R F R T A S P Q I A V V M F I P A S </s> [ N H 3 + ] C C c 1 c [ n H ] c 2 c c c ( O ) c c 1 2
2zb1,E R P T F Y R Q E L N K T I W E V P E R Y Q N L S P V G A Y G S V C A A F D T K T G L R V A V K K L S R P F Q S I I H A K R T Y R E L R L L K H M K H E N V I G L L D V F T P A R S L E E F N D V Y L V T H L M G A D L N N I V K C Q K L T D D H V Q F L I Y Q I L R G L K Y I H S A D I I H R D L K P S N L A V N E D C E L K I L D F G L H T D D E M T G Y V A T R W Y R A P E I M L N W M H Y N Q T V D I W S V G C I M A E L L T G R T L F P G T D H I D Q L K L I L R L V G T P G A E L L K K I S S E S A R N Y I Q S L T Q M P K M N F A N V F I G A N P L A V D L L E K M L V L D S D K R I T A A Q A L A H A Y F A Q Y H D P D D E P V A D P Y D Q S F E S R D L L I D E W K S L T Y D E V I S F V P P P </s> W V A Y G S V C R V A V K K L R R E L R L L K M V I G L L D Y L V T H L M G A D L N N H S N L A V K I L D F G L </s> C c 1 n n c ( - c 2 c c c ( C ) c ( - c 3 c c c ( C ( = O ) N C C 4 C C 4 ) c c 3 ) c 2 ) o 1
2zcq,M T M M D M N F K Y C H K I M K K H S K S F S Y A F D L L P E D Q R K A V W A I Y A V C R K I D D S I D V Y G D I Q F L N Q I K E D I Q S I E K Y P Y E Y H H F Q S D R R I M M A L Q H V A Q H K N I A F Q S F Y N L I D T V Y K D Q H F T M F E T D A E L F G Y C Y G V A G T V G E V L T P I L S D H E T H Q T Y D V A R R L G E S L Q L I N I L R D V G E D F E N E R I Y F S K Q R L K Q Y E V D I A E V Y Q N G V N N H Y I D L W E Y Y A A I A E K D F R D V M D Q I K V F S I E A Q P I I E L A A R I Y I E I L D E V R Q A N Y T L H E R V F V E K R K K A K L F H E I N S K Y </s> M H S S F S F A V W A I Y A V C R K I D D I D F L T V D Y C G V A G T V G V L G L Q N I R D E D Y A Y R </s> O = [ P + ] ( = O ) ( [ O - ] ) [ C @ @ H ] ( C C C c 1 c c c c ( O c 2 c c c c c 2 ) c 1 ) S ( = O ) ( = O ) [ O - ]
2zcr,M T M M D M N F K Y C H K I M K K H S K S F S Y A F D L L P E D Q R K A V W A I Y A V C R K I D D S I D D I Q F L N Q I K E D I Q S I E K Y P Y E Y H H F Q S D R R I M M A L Q H V A Q H K N I A F Q S F Y N L I D T V Y K D Q H F T M F E T D A E L F G Y C Y G V A G T V G E V L T P I L S D H E T H Q T Y D V A R R L G E S L Q L I N I L R D V G E D F E N E R I Y F S K Q R L K Q Y E V D I A E V Y Q N G V N N H Y I D L W E Y Y A A I A E K D F R D V M D Q I K V F S I E A Q P I I E L A A R I Y I E I L D E V R Q A N Y T L H E R V F V E K R K K A K L F H E I N S K Y </s> M H S K F F V Y C R D D D Y C V A G T V G E V L T L T Y V A R R L G E S L Q L I N I R D E D N Y V M I V F A I E A A Y R </s> C C C C c 1 c c c ( - c 2 c c c ( C C C [ C @ H ] ( [ P + ] ( = O ) ( = O ) [ O - ] ) S ( = O ) ( = O ) [ O - ] ) c c 2 ) c c 1
2zda,I V E G S D A E I G M S P W Q V M L F R K S P Q E L L C G A S L I S D R W V L T A A H C L L Y P P W D K N F T E N D L L V R I G K H S R T R Y E R N I E K I S M L E K I Y I H P R Y N W R E N L D R D I A L M K L K K P V A F S D Y I H P V C L P D R E T A A S L L Q A G Y K G R V T G W G N L K E T G Q P S V L Q V V N L P I V E R P V C K D S T R I R I T D N M F C A G Y K P D E G K R G D A C E G D S G G P F V M K S P F N N R W Y Q M G I V S W G E G C D R D G K Y G F Y T H V F R L K K W I Q K V I D Q F G E A D C G L R P L F E K K S L E D K T E R E L L E S Y I D </s> V C A H C L Y P W K Y N W R E N L D D V E L T I R M A G D A C E G D S G G I V S W G E G C D R K Y G F Y </s> N C ( = [ N H 2 + ] ) c 1 c c c ( C N C ( = O ) [ C @ @ H ] 2 C C C N 2 C ( = O ) [ C @ H ] ( [ N H 3 + ] ) C c 2 c c c c c 2 ) c c 1
2zy1,M T M M D M N F K Y C H K I M K K H S K S F S Y A F D L L P E D Q R K A V W A I Y A V C R K I D D S I I Q F L N Q I K E D I Q S I E K Y P Y E Y H H F Q S D R R I M M A L Q H V A Q H K N I A F Q S F Y N L I D T V Y K D Q H F T M F E T D A E L F G Y C Y G V A G T V G E V L T P I L S D H E T H Q T Y D V A R R L G E S L Q L I N I L R D V G E D F E N E R I Y F S K Q R L K Q Y E V D I A E V Y Q N G V N N H Y I D L W E Y Y A A I A E K D F R D V M D Q I K V F S I E A Q P I I E L A A R I Y I E I L D E V R Q A N Y T L H E R V F V E K R K K A K L F H E I N S K Y </s> M H S F F V I Y C R I D D L V D Y C V A G T V G E V L T L V A R R L G E S L Q L I N I R D D Y V F I I A A Y R </s> O = C ( C [ P + ] ( = O ) ( = O ) [ O - ] ) N C C C c 1 c c c c ( O c 2 c c c c c 2 ) c 1
3acw,M T M M D M N F K Y C H K I M K K H S K S F S Y A F D L L P E D Q R K A V W A I Y A V C R K I D D S I D V Y G D I Q F L N Q I K E D I Q S I E K Y P Y E Y H H F Q S D R R I M M A L Q H V A Q H K N I A F Q S F Y N L I D T V Y K D Q H F T M F E T D A E L F G Y C Y G V A G T V G E V L T P I L S D H E T H Q T Y D V A R R L G E S L Q L I N I L R D V G E D F E N E R I Y F S K Q R L K Q Y E V D I A E V Y Q N G V N N H Y I D L W E Y Y A A I A E K D F R D V M D Q I K V F S I E A Q P I I E L A A R I Y I E I L D E V R Q A N Y T L H E R V F V E K R K K A K L F H E I N S K Y </s> H S F F V Y C R D L Y C V A G T V G E V L T L T Y V A R R L G E S L Q L I N I R V F I I A A Y </s> O [ C @ ] 1 ( c 2 c c c ( - c 3 c c c c c 3 ) c c 2 ) C [ N @ H + ] 2 C C [ C @ @ H ] 1 C C 2
3ag9,V K E F L A K A K E D F L K K W E N P A Q N T A H L D Q F E R I K T L G T G S F G R V M L V K H M E T G N H Y A M K I L D K Q K V V K L K Q I E H T L N E K R I L Q A V N F P F L V K L E F S F K D N S N L Y M V M E Y V P G G E M F S H L R R I G R F S E P H A R F Y A A Q I V L T F E Y L H S L D L I Y R D L K P E N L L I D Q Q G Y I Q V T D F G F A K R V K G R T W L C G T P E Y L A P E I I L S K G Y N K A V D W W A L G V L I Y E M A A G Y P P F F A D Q P I Q I Y E K I V S G K V R F P S H F S S D L K D L L R N L L Q V D L T K R F G N L K N G V N D I K N H K W F A T T D W I A I Y Q R K V E A P F I P K I R V I N E K C G K E F S E F </s> T L G T G S F G R V M L Y A M K I L D K V L Q H T E V K M V M E Y V P G G E M F S L R Y R D L K P E N L L I Q V T D F G F C G T P E Y V L E G Y P P F F A I </s> N C ( = [ N H 2 + ] ) N C C C [ C @ @ H ] ( N C ( = O ) [ C @ @ H ] ( C C C N C ( N ) = [ N H 2 + ] ) N C ( = O ) C C C C C N C ( = O ) [ C @ @ H ] ( C C C C [ N H 3 + ] ) N C ( = O ) C C C C C N C ( = O ) [ C @ H ] 1 O [ C @ @ H ] ( n 2 c n c 3 c ( N ) n c n c 3 2 ) [ C @ H ] ( O ) [ C @ @ H ] 1 O ) C ( N ) = O
3ao4,S P G I W Q L D C T H L E G K V I L V A V H V A S G Y I E A E V I P A E T G Q E T A Y F L L K L A G R W P V K T V H T D N G S N F T G A T V R A A C D W A G I K Q E I E S M N K E L K K I I G Q V R D Q A E H L K T A V Q M A V F I H N H K R K G G I G G Y S A G E R I V D I I A T D S P G I W Q L D C T H L E G K V I L V A V H V A S G Y I E A E V I P A E T G Q E T A Y F L L K L A G R W P V K T V H T D N G S N F T G A T V R A A C D W A G I K Q E E S M N K E L K K I I G Q V R D Q A E H L K T A V Q M A V F I H N H K R K Y S A G E R I V D I I A T D </s> Y I E W V F I H N H K R Y S A G E R I V D P L K L A G R P V K I I A T D </s> C n 1 n c ( - c 2 c c c 3 c ( c 2 ) O C O 3 ) c c 1 N
3arp,A P T A P S I D M Y G S N N L Q F S K I E L A M E T T S G Y N D M V K Y H E L A K I K V K F N Q W S G T S G D T Y N V Y F D G V K V A T G A I T G S Q T T A S F E Y G Q G G L Y Q M E I E A C D A T G C S K S A P V E I T I A D T D G S H L K P L T M N V D P N N K S Y N T D P S I V M G T Y F V E W G I Y G R D Y T V D N M P V D N L T H I L Y G F I P I C G P N E S V K S V G G N S F N A L Q T A C R G V N D Y E V V I H D P W A A Y Q K S F P Q A G H E Y S T P I K G N Y A M L M A L K Q R N P D L K I I P S I G G W T L S D P F Y D F V D K K N R D T F V A S V K K F L K T W K F Y D G V D I D W E F P G G G G A A A D K G D P V N D G P A Y I A L M R E L R V M L D E L E A E T G R T Y E L T S A I G V G Y D K I E D V D Y A D A V Q Y M D Y I F A M T Y D F Y G G W N N V P G H Q T A L Y C G S F M R P G Q C D G G G V D E N G E P Y K G P A Y T A D N G I Q L L L A Q G V P A N K L V L G T A M Y G R G W E G V T P D T L T D P N D P M T G T A T G K L K G S T A Q G V W E D G V I D Y K G I K S F M L G A N N T G I N G F E Y G Y D A Q A E A P W V W N R S T G E L I T F D D H R S V L A K G N Y A K S L G L A G L F S W E I D A D N G D I L N A M H E G M A G G V V T P P </s> V E W G Y R G F I P S V S V G N S F L H D G G W T L S E F G G A V K M Y D F Y G G W N Y Y R K W E V W E </s> C c 1 c c ( N ) c 2 c c c c c 2 [ n + ] 1 / C = C / C C C C C C C C [ n + ] 1 c ( C ) c c ( N ) c 2 c c c c c 2 1
3arq,A P T A P S I D M Y G S N N L Q F S K I E L A M E T T S G Y N D M V K Y H E L A K I K V K F N Q W S G T S G D T Y N V Y F D G V K V A T G A I T G S Q T T A S F E Y G Q G G L Y Q M E I E A C D A T G C S K S A P V E I T I A D T D G S H L K P L T M N V D P N N K S Y N T D P S I V M G T Y F V E W G I Y G R D Y T V D N M P V D N L T H I L Y G F I P I C G P N E S V K S V G G N S F N A L Q T A C R G V N D Y E V V I H D P W A A Y Q K S F P Q A G H E Y S T P I K G N Y A M L M A L K Q R N P D L K I I P S I G G W T L S D P F Y D F V D K K N R D T F V A S V K K F L K T W K F Y D G V D I D W E F P G G G G A A A D K G D P V N D G P A Y I A L M R E L R V M L D E L E A E T G R T Y E L T S A I G V G Y D K I E D V D Y A D A V Q Y M D Y I F A M T Y D F Y G G W N N V P G H Q T A L Y C G S F M R P G Q C D G G G V D E N G E P Y K G P A Y T A D N G I Q L L L A Q G V P A N K L V L G T A M Y G R G W E G V T P D T L T D P N D P M T G T A T G K L K G S T A Q G V W E D G V I D Y K G I K S F M L G A N N T G I N G F E Y G Y D A Q A E A P W V W N R S T G E L I T F D D H R S V L A K G N Y A K S L G L A G L F S W E I D A D N G D I L N A M H E G M A G G V V T P P N </s> W S V G W T Y E F G G G A A A D K G V G D K M Y D F Y G G W N Q Y Y R K E V W </s> C C ( = O ) [ C @ ] 1 ( O ) C c 2 c ( O ) c 3 c ( c ( O ) c 2 [ C @ @ H ] ( O [ C @ H ] 2 C [ C @ H ] ( [ N H 3 + ] ) [ C @ H ] ( O ) [ C @ H ] ( C ) O 2 ) C 1 ) C ( = O ) c 1 c c c c c 1 C 3 = O
3aru,A P T A P S I D M Y G S N N L Q F S K I E L A M E T T S G Y N D M V K Y H E L A K I K V K F N Q W S G T S G D T Y N V Y F D G V K V A T G A I T G S Q T T A S F E Y G Q G G L Y Q M E I E A C D A T G C S K S A P V E I T I A D T D G S H L K P L T M N V D P N N K S Y N T D P S I V M G T Y F V E W G I Y G R D Y T V D N M P V D N L T H I L Y G F I P I C G P N E S V K S V G G N S F N A L Q T A C R G V N D Y E V V I H D P W A A Y Q K S F P Q A G H E Y S T P I K G N Y A M L M A L K Q R N P D L K I I P S I G G G T L S D P F Y D F V D K K N R D T F V A S V K K F L K T W K F Y D G V D I D W E F P G G G G A A A D K G D P V N D G P A Y I A L M R E L R V M L D E L E A E T G R T Y E L T S A I G V G Y D K I E D V D Y A D A V Q Y M D Y I F A M T Y D F Y G G W N N V P G H Q T A L Y C G S F M R P G Q C D G G G V D E N G E P Y K G P A Y T A D N G I Q L L L A Q G V P A N K L V L G T A M Y G R G W E G V T P D T L T D P N D P M T G T A T G K L K G S T A Q G V W E D G V I D Y K G I K S F M L G A N N T G I N G F E Y G Y D A Q A E A P W V W N R S T G E L I T F D D H R S V L A K G N Y A K S L G L A G L F S W E I D A D N G D I L N A M H E G M A G G V </s> G T E F G G G A I G V G Y D K I M T Y D F Y G G W N Q A Y T A G Y R K E V W </s> C C ( = O ) C C C C n 1 c ( = O ) c 2 c ( n c n 2 C ) n ( C ) c 1 = O
3arv,A P T A P S I D M Y G S N N L Q F S K I E L A M E T T S G Y N D M V K Y H E L A K I K V K F N Q W S G T S G D T Y N V Y F D G V K V A T G A I T G S Q T T A S F E Y G Q G G L Y Q M E I E A C D A T G C S K S A P V E I T I A D T D G S H L K P L T M N V D P N N K S Y N T D P S I V M G T Y F V E W G I Y G R D Y T V D N M P V D N L T H I L Y G F I P I C G P N E S V K S V G G N S F N A L Q T A C R G V N D Y E V V I H D P W A A Y Q K S F P Q A G H E Y S T P I K G N Y A M L M A L K Q R N P D L K I I P S I G G W T L S D P F Y D F V D K K N R D T F V A S V K K F L K T W K F Y D G V D I D W E F P G G G G A A A D K G D P V N D G P A Y I A L M R E L R V M L D E L E A E T G R T Y E L T S A I G V G Y D K I E D V D Y A D A V Q Y M D Y I F A M T Y D F Y G G W N N V P G H Q T A L Y C G S F M R P G Q C D G G G V D E N G E P Y K G P A Y T A D N G I Q L L L A Q G V P A N K L V L G T A M Y G R G W E G V T P D T L T D P N D P M T G T A T G K L K G S T A Q G V W E D G V I D Y K G I K S F M L G A N N T G I N G F E Y G Y D A Q A E A P W V W N R S T G E L I T F D D H R S V L A K G N Y A K S L G L A G L F S W E I D A D N G D I L N A M H E G M A G G V V T P P N </s> W F S S V G W T L E F G G A K M Y D F Y G G W N Y Y R K E V W E </s> C N 1 C c 2 c ( c c c 3 c 2 O C O 3 ) - c 2 c c c 3 c c 4 c ( c c 3 c 2 1 ) O C O 4
3ary,A P T A P S I D M Y G S N N L Q F S K I E L A M E T T S G Y N D M V K Y H E L A K I K V K F N Q W S G T S G D T Y N V Y F D G V K V A T G A I T G S Q T T A S F E Y G Q G G L Y Q M E I E A C D A T G C S K S A P V E I T I A D T D G S H L K P L T M N V D P N N K S Y N T D P S I V M G T Y F V E W G I Y G R D Y T V D N M P V D N L T H I L Y G F I P I C G P N E S V K S V G G N S F N A L Q T A C R G V N D Y E V V I H D P W A A Y Q K S F P Q A G H E Y S T P I K G N Y A M L M A L K Q R N P D L K I I P S I G G W T L S D P F Y D F V D K K N R D T F V A S V K K F L K T W K F Y D G V D I D W E F P G G G G A A A D K G D P V N D G P A Y I A L M R E L R V M L D E L E A E T G R T Y E L T S A I G V G Y D K I E D V D Y A D A V Q Y M D Y I F A M T Y D F Y G G W N N V P G H Q T A L Y C G S F M R P G Q C D G G G V D E N G E P Y K G P A Y T A D N G I Q L L L A Q G V P A N K L V L G T A M Y G R G W E G V T P D T L T D P N D P M T G T A T G K L K G S T A Q G V W E D G V I D Y K G I K S F M L G A N N T G I N G F E Y G Y D A Q A E A P W V W N R S T G E L I T F D D H R S V L A K G N Y A K S L G L A G L F S W E I D A D N G D I L N A M H E G M A G G V V T P P N </s> W R F S S V G W T L E F G G A K M Y D F Y G G W N Y Y R K E V W E </s> S = C = N c 1 c c c 2 o c ( C 3 = N C C N 3 ) c c 2 c 1
3b1m,P E S A D L R A L A K H L Y D S Y I K S F P L T K A K A R A I L T G K T T D K S P F V I Y D M N S L M M G E D K I K E V A I R I F Q G C Q F R S V E A V Q E I T E Y A K S I P G F V N L D L N D Q V T L L K Y G V H E I I Y T M L A S L M N K D G V L I S E G Q G F M T R E F L K S L R K P F G D F M E P K F E F A V K F N A L E L D D S D L A I F I A V I I L S G D R P G L L N V K P I E D I Q D N L L Q A L E L Q L K L N H P E S S Q L F A K L L Q K M T D L R Q I V T E H V Q L L Q V I K K T E T D M S L H P L L Q E I Y K D L Y </s> I L G E K I V I R I F Q G C Q F R S V E A V H I Y M L L M G V L I S E G Q G M T R F L L F G F M E P K F E H L Y </s> C C c 1 c c c 2 c c c c c 2 c 1 C N C ( = O ) c 1 c ( O C ) c c ( O ) c 2 c 1 O C 1 = C C ( O ) = C ( C ( C ) = O ) C ( = O ) [ C @ ] 1 2 C
3b27,Q P M E E E E V E T F A F Q A E I A Q L M S L I I N T F Y S N K E I F L R E L I S N S S D A L D K I R Y E S L T D P S K L D S G K E L H I N L I P N K Q D R T L T I V D T G I G M T K A D L I N N L G T I A K S G T K A F M E A L Q A G A D I S M I G Q F G V G F Y S A Y L V A E K V T V I T K H N D D E Q Y A W E S S A G G S F T V R T D T G E P M G R G T K V I L H L K E D Q T E Y L E E R R I K E I V K K H S Q F I G Y P I T L F V E K </s> E L I S N S S D A L K I I I V D T G I G M T D L N L G K G V G F Y V T V I T K H W G T K V </s> C S c 1 n c ( N ) n c ( - c 2 c c c c c 2 C l ) n 1
3b5r,P I F L N V L E A I E P G V V C A G H D N N Q P D S F A A L L S S L N E L G E R Q L V H V V K W A K A L P G F R N L H V D D Q M A V I Q Y S W M G L M V F A M G W R S F T N V N S R M L Y F A P D L V F N E Y R M H K S R M Y S Q C V R M R H L S Q E F G W L Q I T P Q E F L C M K A L L L F S I I P V D G L K N Q K F F D E L R M N Y I K E L D R I I A C K R K N P T S C S R R F Y Q L T K L L D S V Q P I A R E L H Q F T F D L L I K S H M V S V D F P E M M A E I I S V Q V P K I L S G K V K P I Y F H </s> V A L L S S L N E L G E R Q L I Q Y S W M G L M V F A M G W R S L Y F A L M Q C M I A L H Q F T F D L L V D F P M M A I I S V Q V P I L </s> C [ C @ ] ( O ) ( C O c 1 c c c ( C l ) c ( F ) c 1 ) C ( = O ) N c 1 c c c ( C # N ) c ( C ( F ) ( F ) F ) c 1
3b65,P I F L N V L E A I E P G V V C A G H D N N Q P D S F A A L L S S L N E L G E R Q L V H V V K W A K A L P G F R N L H V D D Q M A V I Q Y S W M G L M V F A M G W R S F T N V N S R M L Y F A P D L V F N E Y R M H K S R M Y S Q C V R M R H L S Q E F G W L Q I T P Q E F L C M K A L L L F S I I P V D G L K N Q K F F D E L R M N Y I K E L D R I I A C K R K N P T S C S R R F Y Q L T K L L D S V Q P I A R E L H Q F T F D L L I K S H M V S V D F P E M M A E I I S V Q V P K I L S G K V K P I Y F H </s> V A L L S S L N E L G E R Q L I Q Y S W M G L M V F A M G R S L Y F A L S M Q C M I A L H Q F T F L V D F P M M A I I S V Q V P I </s> C [ C @ ] ( O ) ( C O c 1 c c c ( C # N ) c c 1 ) C ( = O ) N c 1 c c c ( C # N ) c ( I ) c 1
3b68,P I F L N V L E A I E P G V V C A G H D N N Q P D S F A A L L S S L N E L G E R Q L V H V V K W A K A L P G F R N L H V D D Q M A V I Q Y S W M G L M V F A M G W R S F T N V N S R M L Y F A P D L V F N E Y R M H K S R M Y S Q C V R M R H L S Q E F G W L Q I T P Q E F L C M K A L L L F S I I P V D G L K N Q K F F D E L R M N Y I K E L D R I I A C K R K N P T S C S R R F Y Q L T K L L D S V Q P I A R E L H Q F T F D L L I K S H M V S V D F P E M M A E I I S V Q V P K I L S G K V K P I Y F H </s> V A L L S S L N E L G E R Q L A I Q Y S W M G L M V F A M G W R S L Y F A L S M Q C M I I A L H F T F L L V D F P M M A E I I S V Q V P K I </s> C C ( = O ) N c 1 c c c ( O C [ C @ ] ( C ) ( O ) C ( = O ) N c 2 c c c ( [ N + ] ( = O ) [ O - ] ) c ( C ( F ) ( F ) F ) c 2 ) c c 1
3bgz,P L E S Q Y Q V G P L L G S G G F G S V Y S G I R V S D N L P V A I K H V E K D R I S D W G E R V P M E V V L L K K V S S G F S G V I R L L D W F E R P D S F V L I L E R P E P V Q D L F D F I T E R G A L Q E E L A R S F F W Q V L E A V R H C H N C G V L H R D I K D E N I L I D L N R G E L K L I D F G S G A L L K D T V Y T D F D G T R V Y S P P E W I R Y H R Y H G R S A A V W S L G I L L Y D M V C G D I P F E H D E E I I R G Q V F F R Q R V S E C Q H L I R W C L A L R P S D R P T F E E I Q N H P W M Q D V L L P Q E T A E I H L H </s> L L G S G G F G S V Y S G V A I K H V E L I R L L I L E R P E P V Q D D H E N I L I K L I D F G </s> O = C ( [ O - ] ) c 1 c c c c 2 c ( - c 3 c c c c c 3 ) c ( - c 3 c c c c c 3 ) [ n H ] c 1 2
3bv9,E A D C G L R P L F E K K S L E D K T E R E L L E S Y I D I V E G S D A E I G M S P W Q V M L F R K S P Q E L L C G A S L I S D R W V L T A A H C L L Y P P W D K N F T E N D L L V R I G K H S R T R Y E A N I E K I S M L E K I Y I H P R Y N W R E N L D R D I A L M K L K K P V A F S D Y I H P V C L P D R E T A A S L L Q A G Y K G R V T G W G N L K E T W T A N V G K G Q P S V L Q V V N L P I V E R P V C K D S T R I R I T D N M F C A G Y K P D E G K R G D A C E G D S G G P F V M K S P F N N R W Y Q M G I V S W G E G C D R D G K Y G F Y T H V F R L K K W I Q K V I D Q F G E </s> I V H C Y P W K Y N W R E N L D D V N E W K L T I R M A G D A C E G D S G G I V S W G E G C D R K Y G F Y </s> C c 1 c c c ( C [ C @ H ] ( N C ( = O ) [ C @ @ H ] ( C ) N C ( = O ) [ C @ @ H ] 2 C C C N 2 C ( = O ) [ C @ @ H ] 2 C [ C @ @ H ] 3 C C C C [ C @ @ H ] 3 N 2 C ( = O ) [ C @ H ] ( [ N H 3 + ] ) C / C = C \ N C ( N ) = [ N H 2 + ] ) C ( N ) = O ) c c 1
3cj4,H H M S Y T W T G A L I T P C A A E E S K L P I N A L S N S L L R H H N M V Y A T T S R S A G L R Q K K V T F D R L Q V L D D H Y R D V L K E M K A K A S T V K A K L L S V E E A C K L T P P H S A K S K F G Y G A K D V R N L S S K A V N H I H S V W K D L L E D T V T P I D T T I M A K N E V F C V Q R K P A R L I V F P D L G V R V C E K M A L Y D V V S T L P Q V V M G S S Y G F Q Y S P G Q R V E F L V N T W K S K K N P M G F S Y D T R C F D S T V T E N D I R V E E S I Y Q C C D L A P E A R Q A I K S L T E R L Y I G G P L T N S K G Q N C G Y R R C R A S G V L T T S C G N T L T C Y L K A S A A C R A A K L Q D C T M L V N G D D L V V I C E S A G T Q E D A A S L R V F T E A M T R Y S A P P G D P P Q P E Y D L E L I T S C S S N V S V A H D A S G K R V Y Y L T R D P T T P L A R A A W E T A R H T P V N S W L G N I I M Y A P T L W A R M I L M T H F F S I L L A Q E Q L E K A L D C Q I Y G A C Y S I E P L D L P Q I I E R L H G L S A F S L H S Y S P G E I N R V A S C L R K L G V P P L R V W R H R A R S V R A R L L S Q G G R A A T C G K Y L F N W A V K T K L K L T P I P A A S R L D L S G W F V A G Y S G G D I Y H </s> A H D A P T L W A R M I M T A F S L H S Y S E I N V A P L R V W R H A R L F N W A V K </s> C [ C @ @ H ] 1 C [ C @ H ] ( C ) C N ( C ( = O ) c 2 c c ( B r ) c c c 2 N C ( = O ) C C C ( = O ) [ O - ] ) C 1
3coy,I P A F H P G E L N V Y S A P G D V A D V S R A L R L T G R R V M L V P T M G A L H E G H L A L V R A A K R V P G S V V V V S I F V N P M Q F G A Y P R T P D D D L A Q L R A E G V E I A F T P T T A A M Y P D G L R T T V Q P G P L A A E L E G G P R P T H F A G V L T V V L K L L Q I V R P D R V F F G E K D Y Q Q L V L I R Q L V A D F N L D V A V V G V P T V R E A D G L A M S S R N R Y L D P A Q R A A A V A L S A A L T A A A H A A T A G A Q A A L D A A R A V L D A A P G V A V D Y L E L R D I G L G P M N G S G R L L V A A R L G T T R L L D N I A I E I G T F A I P A F H P G E L N V Y S A P G D V A D V S R A L R L T G R R V M L V P T M G A L H E G H L A L V R A A K R V P G S V V V V S I F V N P M Q A Y P R T P D D D L A Q L R A E G V E I A F T P T T A A M Y P D G L R T T V Q P G P L A A E L E G G P R P T H F A G V L T V V L K L L Q I V R P D R V F F G E K D Y Q Q L V L I R Q L V A D F N L D V A V V G V P T V R E A D G L A M S S R N R Y L D P A Q R A A A V A L S A A L T A A A H A A T A G A Q A A L D A A R A V L D A A P G V A V D Y L E L R D I G L G P M P L N G S G R L L V A A R L G T T R L L D N I A I E I G </s> V P T M G A L H E G H L A L V S I F V N Q F Y Y H F G V L T V V L L V F F G E K D Y Q L I V G V P T V R E L A M S S R N N </s> C C ( C ) ( C ) [ C @ @ H ] ( [ N H 3 + ] ) C ( = O ) N S ( = O ) ( = O ) O C [ C @ H ] 1 O [ C @ @ H ] ( n 2 c n c 3 c ( N ) n c n c 3 2 ) [ C @ H ] ( O ) [ C @ @ H ] 1 O
3coz,I P A F H P G E L N V Y S A P G D V A D V S R A L R L T G R R V M L V P T M G A L H E G H L A L V R A A K R V P G S V V V V S I F V N P M Q F G A G G D L D A Y P R T P D D D L A Q L R A E G V E I A F T P T T A A M Y P D G L R T T V Q P G P L A A E L E G G P R P T H F A G V L T V V L K L L Q I V R P D R V F F G E K D Y Q Q L V L I R Q L V A D F N L D V A V V G V P T V R E A D G L A M S S R N R Y L D P A Q R A A A V A L S A A L T A A A H A A T A G A Q A A L D A A R A V L D A A P G V A V D Y L E L R D I G L G P M P L N G S G R L L V A A R L G T T R L L D N I A I E I G T F A I P A F H P G E L N V Y S A P G D V A D V S R A L R L T G R R V M L V P T M G A L H E G H L A L V R A A K R V P G S V V V V S I F V N P M Q Y P R T P D D D L A Q L R A E G V E I A F T P T T A A M Y P D G L R T T V Q P G P L A A E L E G G P R P T H F A G V L T V V L K L L Q I V R P D R V F F G E K D Y Q Q L V L I R Q L V A D F N L D V A V V G V P T V R E A D G L A M S S R N R Y L D P A Q R A A A V A L S A A L T A A A H A A T A G A Q A A L D A A R A V L D A A P G V A V D Y L E L R D I G L G P M P L N G S G R L L V A A R L G T T R L L D N I A I E I G </s> V P T M G A L H E G H L A L V S I F V N Q F Y H F G V L V V L V F F G E K D Y Q L I V G V P T V R E L A M S S R N N </s> C C ( C ) [ C @ @ H ] ( [ N H 3 + ] ) C ( = O ) N S ( = O ) ( = O ) O C [ C @ H ] 1 O [ C @ @ H ] ( n 2 c n c 3 c ( N ) n c n c 3 2 ) [ C @ H ] ( O ) [ C @ @ H ] 1 O
3d4z,Q C Q D V V Q D V P N V D V Q M L E L Y D R M S F K D I D G G V W K Q G W N I K Y D P L K Y N A H H K L K V F V V P H S H N D P G W I Q T F E E Y Y Q H D T K H I L S N A L R H L H D N P E M K F I W A E I S Y F A R F Y H D L G E N K K L Q M K S I V K N G Q L E F V T G G W V M P D E A N S H W R N V L L Q L T E G Q T W L K Q F M N V T P T A S W A I D P F G H S P T M P Y I L Q K S G F K N M L I Q R T H Y S V K K E L A Q Q R Q L E F L W R Q I W D N K G D T A L F T H M M P F Y S Y D I P H T C G P D P K V C C Q F D F K R M G S F G L S C P W K V P P R T I S D Q N V A A R S D L L V D Q W K K K A E L Y R T N V L L I P L G D D F R F K Q N T E W D V Q R V N Y E R L F E H I N S Q A H F N V Q A Q F G T L Q E Y F D A V H Q A E R A G Q A E F P T L S G D F F T Y A D R S D N Y W S G Y Y T S R P Y H K R M D R V L M H Y V R A A E M L S A W H S W D G M A R I E E R L E Q A R R E L S L F Q H H D G I T G T A K T H V V V D Y E Q R M Q E A L K A C Q M V M Q Q S V Y R L L T K P S I Y S P D F S F S Y F T L D D S R W P G S G V E D S R T T I I L G E D I L P S K H V V M H N T L P H W R E Q L V D F Y V S S P F V S V T D L A N N P V E A Q V S P V W S W H H D T L T K T I H P Q G S T T K Y R I I F K A R V P P M G L A T Y V L T I S D S K P E H T S Y A S N L L L R K N P T S L P L G Q Y P E D V K F G D P R E I S L R V G N G P T L A F S E Q G L L K S I Q L T Q D S P H V P V H F K F L K Y G V R S H G D R S G A Y L F L P N G P A S P V E L G Q P V V L V T K G K L E S S V S V G L P S V V H Q T I M R G G A P E I R N L V D I G S L D N T E I V M R L E T H I D S G D I F Y T D L N G L Q F I K R R R L D K L P L Q A N Y Y P I P S G M F I E D A N T R L T L L T G Q P L G G S S L A S G E L E I M Q D R R L A S D D E R G L G Q G V L D N K P V L H I Y R L V L E K V N N C V R P S K L H P A G Y L T S A A H K A S Q S L L D P L D K F I F A E N E W I G A Q G Q F G G D H P S A R E D L D V S V M R R L T K S S A K T Q R V G Y V L H R T N L M Q C G T P E E H T Q K L D V C H L L P N V A R C E R T T L T F L Q N L E H L D G M V A P E V C P M E T A A Y V S S H S S </s> H N D P G W I Y M I D P F R Y S Y D D F Y D W H H D G T T A Y D E R G L </s> O C [ C @ @ H ] 1 [ C @ @ H ] ( O ) [ C @ H ] ( O ) [ C @ @ H ] ( O ) c 2 n c c n 2 1
3d6q,K E T A A A K F E R Q H M D S S T S A A S S S N Y C N Q M M K S R N L T K D R C K P V N T F V H E S L A D V Q A V C S Q K N V A C K N G Q T N C Y Q S Y S T M S I T D C R E T G S S K Y P N C A Y K T T Q A N K H I I V A C E G N P Y V P V H F D A S V </s> K F Q H M L R K P V N T F K I T D C R K I A V H F D A S V </s> O = c 1 c c n ( [ C @ @ H ] 2 O [ C @ @ H ] ( C [ N H + ] 3 C C C C C 3 ) [ C @ H ] ( O ) [ C @ H ] 2 O ) c ( = O ) [ n H ] 1
3dd0,H H W G Y G K H N G P E H W H K D F P I A K G E R Q S P V D I D T H T A K Y D P S L K P L S V S Y D Q A T S L R I L N N G H A F N V E F D D S Q D K A V L K G G P L D G T Y R L I Q F H F H W G S L D G Q G S E H T V D K K K Y A A E L H L V H W N T K Y G D F G K A V Q Q P D G L A V L G I F L K V G S A K P G L Q K V V D V L D S I K T K G K S A D F T N F D P R G L L P E S L D Y W T Y P G S L T T P P L L E C V T W I V L K E P I S V S S E Q V L K F R K L N F N G E G E P E E L M V D N W R P A Q P L K N R Q I K A S F K </s> W Y S P N H A N I Q F H F H E H E L H L V H F G V Q L A V L G S L T T P P L L C V W N R </s> C C O c 1 c c c 2 n c ( S ( N ) ( = O ) = O ) s c 2 c 1
3dx1,Q C Q D V V Q D V P N V D V Q M L E L Y D R M S F K D I D G G V W K Q G W N I K Y D P L K Y N A H H K L K V F V V P H S H N D P G W I Q T F E E Y Y Q H D T K H I L S N A L R H L H D N P E M K F I W A E I S Y F A R F Y H D L G E N K K L Q M K S I V K N G Q L E F V T G G W V M P D E A N S H W R N V L L Q L T E G Q T W L K Q F M N V T P T A S W A I D P F G H S P T M P Y I L Q K S G F K N M L I Q R T H Y S V K K E L A Q Q R Q L E F L W R Q I W D N K G D T A L F T H M M P F Y S Y D I P H T C G P D P K V C C Q F D F K R M G S F G L S C P W K V P P R T I S D Q N V A A R S D L L V D Q W K K K A E L Y R T N V L L I P L G D D F R F K Q N T E W D V Q R V N Y E R L F E H I N S Q A H F N V Q A Q F G T L Q E Y F D A V H Q A E R A G Q A E F P T L S G D F F T Y A D R S D N Y W S G Y Y T S R P Y H K R M D R V L M H Y V R A A E M L S A W H S W D G M A R I E E R L E Q A R R E L S L F Q H H D G I T G T A K T H V V V D Y E Q R M Q E A L K A C Q M V M Q Q S V Y R L L T K P S I Y S P D F S F S Y F T L D D S R W P G S G V E D S R T T I I L G E D I L P S K H V V M H N T L P H W R E Q L V D F Y V S S P F V S V T D L A N N P V E A Q V S P V W S W H H D T L T K T I H P Q G S T T K Y R I I F K A R V P P M G L A T Y V L T I S D S K P E H T S Y A S N L L L R K N P T S L P L G Q Y P E D V K F G D P R E I S L R V G N G P T L A F S E Q G L L K S I Q L T Q D S P H V P V H F K F L K Y G V R S H G D R S G A Y L F L P N G P A S P V E L G Q P V V L V T K G K L E S S V S V G L P S V V H Q T I M R G G A P E I R N L V D I G S L D N T E I V M R L E T H I D S G D I F Y T D L N G L Q F I K R R R L D K L P L Q A N Y Y P I P S G M F I E D A N T R L T L L T G Q P L G G S S L A S G E L E I M Q D R R L A S D D E R G L G Q G V L D N K P V L H I Y R L V L E K V N N C V R P S K L H P A G Y L T S A A H K A S Q S L L D P L D K F I F A E N E W I G A Q G Q F G G D H P S A R E D L D V S V M R R L T K S S A K T Q R V G Y V L H R T N L M Q C G T P E E H T Q K L D V C H L L P N V A R C E R T T L T F L Q N L E H L D G M V A P E V C P M E T A A Y V S S H S S </s> H N D P G W I Y E M I D P F R S Y D D F W H H D G T T A Y R G L </s> [ N H 3 + ] [ C @ @ H ] 1 C [ C @ H ] ( O ) [ C @ H ] ( O ) [ C @ @ H ] 1 O
3dx2,Q C Q D V V Q D V P N V D V Q M L E L Y D R M S F K D I D G G V W K Q G W N I K Y D P L K Y N A H H K L K V F V V P H S H N D P G W I Q T F E E Y Y Q H D T K H I L S N A L R H L H D N P E M K F I W A E I S Y F A R F Y H D L G E N K K L Q M K S I V K N G Q L E F V T G G W V M P D E A N S H W R N V L L Q L T E G Q T W L K Q F M N V T P T A S W A I D P F G H S P T M P Y I L Q K S G F K N M L I Q R T H Y S V K K E L A Q Q R Q L E F L W R Q I W D N K G D T A L F T H M M P F Y S Y D I P H T C G P D P K V C C Q F D F K R M G S F G L S C P W K V P P R T I S D Q N V A A R S D L L V D Q W K K K A E L Y R T N V L L I P L G D D F R F K Q N T E W D V Q R V N Y E R L F E H I N S Q A H F N V Q A Q F G T L Q E Y F D A V H Q A E R A G Q A E F P T L S G D F F T Y A D R S D N Y W S G Y Y T S R P Y H K R M D R V L M H Y V R A A E M L S A W H S W D G M A R I E E R L E Q A R R E L S L F Q H H D G I T G T A K T H V V V D Y E Q R M Q E A L K A C Q M V M Q Q S V Y R L L T K P S I Y S P D F S F S Y F T L D D S R W P G S G V E D S R T T I I L G E D I L P S K H V V M H N T L P H W R E Q L V D F Y V S S P F V S V T D L A N N P V E A Q V S P V W S W H H D T L T K T I H P Q G S T T K Y R I I F K A R V P P M G L A T Y V L T I S D S K P E H T S Y A S N L L L R K N P T S L P L G Q Y P E D V K F G D P R E I S L R V G N G P T L A F S E Q G L L K S I Q L T Q D S P H V P V H F K F L K Y G V R S H G D R S G A Y L F L P N G P A S P V E L G Q P V V L V T K G K L E S S V S V G L P S V V H Q T I M R G G A P E I R N L V D I G S L D N T E I V M R L E T H I D S G D I F Y T D L N G L Q F I K R R R L D K L P L Q A N Y Y P I P S G M F I E D A N T R L T L L T G Q P L G G S S L A S G E L E I M Q D R R L A S D D E R G L G Q G V L D N K P V L H I Y R L V L E K V N N C V R P S K L H P A G Y L T S A A H K A S Q S L L D P L D K F I F A E N E W I G A Q G Q F G G D H P S A R E D L D V S V M R R L T K S S A K T Q R V G Y V L H R T N L M Q C G T P E E H T Q K L D V C H L L P N V A R C E R T T L T F L Q N L E H L D G M V A P E V C P M E T A A Y V S S H S S </s> H N D P G W I Y E M I D P F R Y S Y D D F Y D W H H D G T T A Y D E R G L </s> C [ S @ @ ] ( = O ) [ C @ @ H ] 1 [ C @ @ H ] ( [ N H 3 + ] ) [ C @ @ H ] ( O ) [ C @ @ H ] ( O ) [ C @ H ] 1 O
3dxg,K E T A A A K F E R Q H M D S S T S A A S S S N Y C N Q M M K S R N L T K D R C K P V N T F V H E S L A D V Q A V C S Q K N V A C K N G Q T N C Y Q S Y S T M S I T D C R E T G S S K Y P N C A Y K T T Q A N K H I I V A C E G N P Y V P V H F D A S V </s> F Q H M L R K P V N T F K N I T D C R K I V H F D A S V </s> O = c 1 c c n ( [ C @ @ H ] 2 O [ C @ H ] ( C O [ P + ] ( = O ) ( = O ) [ O - ] ) [ C @ @ H ] ( O ) [ C @ H ] 2 O ) c ( = O ) [ n H ] 1
3e5a,K R Q W A L E D F E I G R P L G K G K F G N V Y L A R E K Q S K F I L A L K V L F K A Q L E K A G V E H Q L R R E V E I Q S H L R H P N I L R L Y G Y F H D A T R V Y L I L E Y A P L G T V Y R E L Q K L S K F D E Q R T A T Y I T E L A N A L S Y C H S K R V I H R D I K P E N L L L G S A G E L K I A D F G W S V H A P S S R R T L C G T L D Y L P P E M I E G R M H D E K V D L W S L G V L C Y E F L V G K P P F E A N T Y Q E T Y K R I S R V E F T F P D F V T E G A R D L I S R L L K H N P S Q R P M L R E V L E H P W I T A N S S K S S Y S Y D A P S D F I N F S S G D T Q N I D S W F E E K A N L E </s> R P L G K K F G N V Y L L A L K V E Q L R L L I L E Y A P L G T V Y R E K P E N L L L G K I A D F G </s> C c 1 c c ( N c 2 c c ( N 3 C C [ N H + ] ( C ) C C 3 ) n c ( S c 3 c c c ( N C ( = O ) C 4 C C 4 ) c c 3 ) n 2 ) [ n H ] n 1
3e92,Q E R P T F Y R Q E L N K T I W E V P E R Y Q N L S P V G S G A Y G S V C A A F D T K T G L R V A V K K L S R P F Q S I I H A K R T Y R E L R L L K H M K H E N V I G L L D V F T P A R S L E E F N D V Y L V T H L M G A D L N N I V K C Q K L T D D H V Q F L I Y Q I L R G L K Y I H S A D I I H R D L K P S N L A V N E D E L K I L D F G L A H T D D E M T G Y V A T R W Y R A P E I M L N W M H Y N Q T V D I W S V G C I M A E L L T G R T L F P G T D H I D Q L K L I L R L V G T P G A E L L K K I S S E S A R N Y I Q S L T Q M P K M N F A N V F I G A N P L A V D L L E K M L V L D S D K R I T A A Q A L A H A Y F A Q Y H D P D D E P V A D P Y D Q S F E S R D L L I D E W K S L T Y D E V I S F V P P P </s> V G A Y G S V C A R V A V K K L R R E L R L L K M V I G L L Y L V T H L M G A D N I H S N L A V N K I L D F G L A </s> C c 1 n n c ( - c 2 c c c ( - c 3 c c ( C ( = O ) N C 4 C C 4 ) c c c 3 C ) c ( C ) c 2 ) o 1
3e93,E R P T F Y R Q E L N K T I W E V P E R Y Q N L S P V G S G A Y G S V C A A F D T K T G L R V A V K K L S R P F Q S I I H A K R T Y R E L R L L K H M K H E N V I G L L D V F T P A R S L E E F N D V Y L V T H L M G A D L N N I V K C Q K L T D D H V Q F L I Y Q I L R G L K Y I H S A D I I H R D L K P S N L A V N E D E L K I L D F G L T D D E M T G Y V A T R W Y R A P E I M L N W M H Y N Q T V D I W S V G C I M A E L L T G R T L F P G T D H I D Q L K L I L R L V G T P G A E L L K K I S S E S A R N Y I Q S L T Q M P K M N F A N V F I G A N P L A V D L L E K M L V L D S D K R I T A A Q A L A H A Y F A Q Y H D P D D E P V A D P Y D Q S F E S R D L L I D E W K S L T Y D E V I S F V P P P L </s> S P V G S S V C A A R V A V K K L R R E L L L M N V I G L L D Y L V T H L M G A D N G L Y I H I I H R D L S N A K I L D F G L D </s> C c 1 c c c ( C ( = O ) N c 2 c c c c ( N 3 C C O C C 3 ) c 2 ) c c 1 - c 1 c c c 2 c ( C 3 C C [ N H 2 + ] C C 3 ) n o c 2 c 1
3ebp,Q I S V R G L A G V E N V T E L K K N F N R H L H F T L V K D R N V A T P R D Y Y F A L A H T V R D H L V G R W I R T Q Q H Y Y E K D P K R I Y Y L S L E F Y M G R T L Q N T M V N L A L E N A C D E A T Y Q L G L D M E E L E E I E E D A G L G N G G L G R L A A C F L D S M A T L G L A A Y G Y G I R Y E F G I F N Q K I C G G W Q M E E A D D W L R Y G N P W E K A R P E F T L P V H F Y G R V E H T S Q G A K W V D T Q V V L A M P Y D T P V P G Y R N N V V N T M R L W S A K A P N D F N L G Y I Q A V L D R N L A E N I S R V L Y P N D N F F E G K E L R L K Q E Y F V V A A T L Q D I I R R F K S S T N F D A F P D K V A I Q L N D T H P S L A I P E L M R V L V D L E R L D W D K A W E V T V K T C A Y T N H T V L P E A L E R W P V H L L E T L L P R H L Q I I Y E I N Q R F L N R V A A A F P G D V D R L R R M S L V E E G A V K R I N M A H L C I A G S H A V N G V A R I H S E I L K K T I F K D F Y E L E P H K F Q N K T N G I T P R R W L V L C N P G L A E I I A E R I G E E Y I S D L D Q L R K L L S Y V D D E A F I R D V A K V K Q E N K L K F A A Y L E R E Y K V H I N P N S L F D V Q V K R I H E Y K R Q L L N C L H V I T L Y N R I K K E P N K F V V P R T V M I G G K A A P G Y H M A K M I I K L I T A I G D V V N H D P V V G D R L R V I F L E N Y R V S L A E K V I P A A D L S E Q I S T A G T E A S G T G N M F M L N G A L T I G T M D G A N V E M A E E A G E E N F F I F G M R V E D V D R L D Q R G Y N A Q E Y Y D R I P E L R Q I I E Q L S S G F F S P K Q P D L F K D I V N M L M H H D R F K V F A D Y E E Y V K C Q E R V S A L Y K N P R E W T R M V I R N I A T S G K F S S D R T I A Q Y A R E I W G V E P S R Q R L P A Q I S V R G L A G V E N V T E L K K N F N R H L H F T L V K D R N V A T P R D Y Y F A L A H T V R D H L V G R W I R T Q Q H Y Y E K D P K R I Y Y L S L E F Y M G R T L Q N T M V N L A L E N A C D E A T Y Q L G L D M E E L E E I E E D A G L G N G G L G R L A A C F L D S M A T L G L A A Y G Y G I R Y E F G I F N Q K I C G G W Q M E E A D D W L R Y G N P W E K A R P E F T L P V H F Y G R V E H T S Q G A K W V D T Q V V L A M P Y D T P V P G Y R N N V V N T M R L W S A K A P N D F N L G Y I Q A V L D R N L A E N I S R V L Y P N D N F F E G K E L R L K Q E Y F V V A A T L Q D I I R R F K S S T N F D A F P D K V A I Q L N D T H P S L A I P E L M R V L V D L E R L D W D K A W E V T V K T C A Y T N H T V L P E A L E R W P V H L L E T L L P R H L Q I I Y E I N Q R F L N R V A A A F P G D V D R L R R M S L V E E G A V K R I N M A H L C I A G S H A V N G V A R I H S E I L K K T I F K D F Y E L E P H K F Q N K T N G I T P R R W L V L C N P G L A E I I A E R I G E E Y I S D L D Q L R K L L S Y V D D E A F I R D V A K V K Q E N K L K F A A Y L E R E Y K V H I N P N S L F D V Q V K R I H E Y K R Q L L N C L H V I T L Y N R I K K E P N K F V V P R T V M I G G K A A P G Y H M A K M I I K L I T A I G D V V N H D P V V G D R L R V I F L E N Y R V S L A E K V I P A A D L S E Q I S T A G T E A S G T G N M F M L N G A L T I G T M D G A N V E M A E E A G E E N F F I F G M R V E D V D R L D Q R G Y N A Q E Y Y D R I P E L R Q I I E Q L S S G F F S P K Q P D L F K D I V N M L M H H D R F K V F A D Y E E Y V K C Q E R V S A L Y K N P R E W T R M V I R N I A T S G K F S S D R T I A Q Y A R E I W G V E P S R Q R L P A </s> P N D N F F E T L P E A L R I H E Y K A A P G Y H M A T H R F </s> C [ N @ H + ] 1 C C [ C @ H ] ( c 2 c ( O ) c c ( O ) c 3 c ( = O ) c c ( - c 4 c c c c c 4 C l ) o c 2 3 ) [ C @ H ] ( O ) C 1
3ehy,G P V W R K H Y I T Y R I N N Y T P D M N R E D V D Y A I R K A F Q V W S N V T P L K F S K I N T G M A D I L V V F A R G A H G D D H A F D G K G G I L A H A F G P G S G I G G D A H F D E D E F W T T H S G G T N L F L T A V H E I G H S L G L G H S S D P K A V M F P T Y K Y V D I N T F R L S A D D I R G I Q S L Y G </s> H F D G G I L A H A H F D E W T N L F L T A V H E I H S G H A V M F P T Y K Y V F </s> C O c 1 c c c ( S ( = O ) ( = O ) N [ C @ H ] ( C ) C ( = O ) [ O - ] ) c c 1
3ejr,Q C Q D V V Q D V P N V D V Q M L E L Y D R M S F K D I D G G V W K Q G W N I K Y D P L K Y N A H H K L K V F V V P H S H N D P G W I Q T F E E Y Y Q H D T K H I L S N A L R H L H D N P E M K F I W A E I S Y F A R F Y H D L G E N K K L Q M K S I V K N G Q L E F V T G G W V M P D E A N S H W R N V L L Q L T E G Q T W L K Q F M N V T P T A S W A I D P F G H S P T M P Y I L Q K S G F K N M L I Q R T H Y S V K K E L A Q Q R Q L E F L W R Q I W D N K G D T A L F T H M M P F Y S Y D I P H T C G P D P K V C C Q F D F K R M G S F G L S C P W K V P P R T I S D Q N V A A R S D L L V D Q W K K K A E L Y R T N V L L I P L G D D F R F K Q N T E W D V Q R V N Y E R L F E H I N S Q A H F N V Q A Q F G T L Q E Y F D A V H Q A E R A G Q A E F P T L S G D F F T Y A D R S D N Y W S G Y Y T S R P Y H K R M D R V L M H Y V R A A E M L S A W H S W D G M A R I E E R L E Q A R R E L S L F Q H H D G I T G T A K T H V V V D Y E Q R M Q E A L K A C Q M V M Q Q S V Y R L L T K P S I Y S P D F S F S Y F T L D D S R W P G S G V E D S R T T I I L G E D I L P S K H V V M H N T L P H W R E Q L V D F Y V S S P F V S V T D L A N N P V E A Q V S P V W S W H H D T L T K T I H P Q G S T T K Y R I I F K A R V P P M G L A T Y V L T I S D S K P E H T S Y A S N L L L R K N P T S L P L G Q Y P E D V K F G D P R E I S L R V G N G P T L A F S E Q G L L K S I Q L T Q D S P H V P V H F K F L K Y G V R S H G D R S G A Y L F L P N G P A S P V E L G Q P V V L V T K G K L E S S V S V G L P S V V H Q T I M R G G A P E I R N L V D I G S L D N T E I V M R L E T H I D S G D I F Y T D L N G L Q F I K R R R L D K L P L Q A N Y Y P I P S G M F I E D A N T R L T L L T G Q P L G G S S L A S G E L E I M Q D R R L A S D D E R G L G Q G V L D N K P V L H I Y R L V L E K V N N C V R P S K L H P A G Y L T S A A H K A S Q S L L D P L D K F I F A E N E W I G A Q G Q F G G D H P S A R E D L D V S V M R R L T K S S A K T Q R V G Y V L H R T N L M Q C G T P E E H T Q K L D V C H L L P N V A R C E R T T L T F L Q N L E H L D G M V A P E V C P M E T A A Y V S S H S S </s> H N D P G W I Y E M I D P F Q R Y S Y D D F Y D R W H H D G T G T A Y D D E R G L G </s> C C ( C ) ( C ) c 1 c c c ( C ( = O ) C [ C @ H ] 2 C C [ C @ @ H ] ( O ) [ C @ @ H ] 3 [ C @ H ] ( O ) [ C @ H ] ( O ) C [ N @ @ H + ] 2 3 ) c c 1
3f3a,R E H W A T R L G L I L A M A G N A V G L G N F L R F P V Q A A E N G G G A F M I P Y I I A F L L V G I P L M W I E W A M G R Y G G A Q G H G T T P A I F Y L L W R N R F A K I L G V F G L W I P L V V A I Y Y V Y I E S W T L G F A I K F L V G L V P E P P T D P D S I L R P F K E F L Y S Y I G V P K G D E P I L K P S L F A Y I V F L I T M F I N V S I L I R G I S K G I E R F A K I A M P T L F I L A V F L V I R V F L L E T P N G T A A D G L N F L W T P D F E K L K D P G V W I A A V G Q I F F T L S L G F G A I I T Y A S Y V R K D Q D I V L S G L T A A T L N E K A E V I L G G S I S I P A A V A F F G V A N A V A I A K A G A F N L G F I T L P A I F S Q T A G G T F L G F L W F F L L F F A G L T S S I A I M Q P M I A F L E D E L K L S R K H A V L W T A A I V F F S A H L V M F L N K S L D E M D F W A G T I G V V F F G L T E L I I F F W I F G A D K A W E E I N R G G I I K V P R I Y Y Y V M R Y I T P A F L A V L L V V W A R E Y I P K I M E E T H W T V W I T R F Y I I G L F L F L T F L V F L A E R R R N H E R E H W A T R L G L I L A M A G N A V G L G N F L R F P V Q A A E N G G G A F M I P Y I I A F L L V G I P L M W I E W A M G R Y G G A Q G H G T T P A I F Y L L W R N R F A K I L G V F G L W I P L V V A I Y Y V Y I E S W T L G F A I K F L V G L V P E P P T D P D S I L R P F K E F L Y S Y I G V P K G D E P I L K P S L F A Y I V F L I T M F I N V S I L I R G I S K G I E R F A K I A M P T L F I L A V F L V I R V F L L E T P N G T A A D G L N F L W T P D F E K L K D P G V W I A A V G Q I F F T L S L G F G A I I T Y A S Y V R K D Q D I V L S G L T A A T L N E K A E V I L G G S I S I P A A V A F F G V A N A V A I A K A G A F N L G F I T L P A I F S Q T A G G T F L G F L W F F L L F F A G L T S S I A I M Q P M I A F L E D E L K L S R K H A V L W T A A I V F F S A H L V M F L N K S L D E M D F W A G T I G V V F F G L T E L I I F F W I F G A D K A W E E I N R G G I I K V P R I Y Y Y V M R Y I T P A F L A V L L V V W A R E Y I P K I M E E T H W T V W I T R F Y I I G L F L F L T F L V F L A E R R R N H E </s> M A G N A V G L G N F L R F Y I P V A Y Y V E Q I F F T L S L G F G A I N E A G L T S S I A I M D G V </s> [ N H 3 + ] [ C @ @ H ] ( C c 1 c [ n H ] c 2 c c c c c 1 2 ) C ( = O ) [ O - ]
3f3c,R E H W A T R L G L I L A M A G N A V G L G N F L R F P V Q A A E N G G G A F M I P Y I I A F L L V G I P L M W I E W A M G R Y G G A Q G H G T T P A I F Y L L W R N R F A K I L G V F G L W I P L V V A I Y Y V Y I E S W T L G F A I K F L V G L V P E P P P T D P D S I L R P F K E F L Y S Y I G V P K G D E P I L K P S L F A Y I V F L I T M F I N V S I L I R G I S K G I E R F A K I A M P T L F I L A V F L V I R V F L L E T P N G T A A D G L N F L W T P D F E K L K D P G V W I A A V G Q I F F T L S L G F G A I I T Y A S Y V R K D Q D I V L S G L T A A T L N E K A E V I L G G S I S I P A A V A F F G V A N A V A I A K A G A F N L G F I T L P A I F S Q T A G G T F L G F L W F F L L F F A G L T S S I A I M Q P M I A F L E D E L K L S R K H A V L W T A A I V F F S A H L V M F L N K S L D E M D F W A G T I G V V F F G L T E L I I F F W I F G A D K A W E E I N R G G I I K V P R I Y Y Y V M R Y I T P A F L A V L L V V W A R E Y I P K I M E E T H W T V W I T R F Y I I G L F L F L T F L V F L A E R R R N H E S A G T R E H W A T R L G L I L A M A G N A V G L G N F L R F P V Q A A E N G G G A F M I P Y I I A F L L V G I P L M W I E W A M G R Y G G A Q G H G T T P A I F Y L L W R N R F A K I L G V F G L W I P L V V A I Y Y V Y I E S W T L G F A I K F L V G L V P E P P P T D P D S I L R P F K E F L Y S Y I G V P K G D E P I L K P S L F A Y I V F L I T M F I N V S I L I R G I S K G I E R F A K I A M P T L F I L A V F L V I R V F L L E T P N G T A A D G L N F L W T P D F E K L K D P G V W I A A V G Q I F F T L S L G F G A I I T Y A S Y V R K D Q D I V L S G L T A A T L N E K A E V I L G G S I S I P A A V A F F G V A N A V A I A K A G A F N L G F I T L P A I F S Q T A G G T F L G F L W F F L L F F A G L T S S I A I M Q P M I A F L E D E L K L S R K H A V L W T A A I V F F S A H L V M F L N K S L D E M D F W A G T I G V V F F G L T E L I I F F W I F G A D K A W E E I N R G G I I K V P R I Y Y Y V M R Y I T P A F L A V L L V V W A R E Y I P K I M E E T H W T V W I T R F Y I I G L F L F L T F L V F L A E R R R N H E S A G T </s> M A G N A V G L G N F L R F I P V A Y Y Q I F F T L S L G F G A I I T Y N E A G T S S I A I M Q P G V </s> [ N H 3 + ] [ C @ @ H ] ( C c 1 c c c ( F ) c c 1 ) C ( = O ) [ O - ]
3f3d,R E H W A T R L G L I L A M A G N A V G L G N F L R F P V Q A A E N G G G A F M I P Y I I A F L L V G I P L M W I E W A M G R Y G G A Q G H G T T P A I F Y L L W R N R F A K I L G V F G L W I P L V V A I Y Y V Y I E S W T L G F A I K F L V G L V P E P P P T D P D S I L R P F K E F L Y S Y I G V P K G D E P I L K P S L F A Y I V F L I T M F I N V S I L I R G I S K G I E R F A K I A M P T L F I L A V F L V I R V F L L E T P N G T A A D G L N F L W T P D F E K L K D P G V W I A A V G Q I F F T L S L G F G A I I T Y A S Y V R K D Q D I V L S G L T A A T L N E K A E V I L G G S I S I P A A V A F F G V A N A V A I A K A G A F N L G F I T L P A I F S Q T A G G T F L G F L W F F L L F F A G L T S S I A I M Q P M I A F L E D E L K L S R K H A V L W T A A I V F F S A H L V M F L N K S L D E M D F W A G T I G V V F F G L T E L I I F F W I F G A D K A W E E I N R G G I I K V P R I Y Y Y V M R Y I T P A F L A V L L V V W A R E Y I P K I M E E T H W T V W I T R F Y I I G L F L F L T F L V F L A E R R R N H E S A G T R E H W A T R L G L I L A M A G N A V G L G N F L R F P V Q A A E N G G G A F M I P Y I I A F L L V G I P L M W I E W A M G R Y G G A Q G H G T T P A I F Y L L W R N R F A K I L G V F G L W I P L V V A I Y Y V Y I E S W T L G F A I K F L V G L V P E P P P T D P D S I L R P F K E F L Y S Y I G V P K G D E P I L K P S L F A Y I V F L I T M F I N V S I L I R G I S K G I E R F A K I A M P T L F I L A V F L V I R V F L L E T P N G T A A D G L N F L W T P D F E K L K D P G V W I A A V G Q I F F T L S L G F G A I I T Y A S Y V R K D Q D I V L S G L T A A T L N E K A E V I L G G S I S I P A A V A F F G V A N A V A I A K A G A F N L G F I T L P A I F S Q T A G G T F L G F L W F F L L F F A G L T S S I A I M Q P M I A F L E D E L K L S R K H A V L W T A A I V F F S A H L V M F L N K S L D E M D F W A G T I G V V F F G L T E L I I F F W I F G A D K A W E E I N R G G I I K V P R I Y Y Y V M R Y I T P A F L A V L L V V W A R E Y I P K I M E E T H W T V W I T R F Y I I G L F L F L T F L V F L A E R R R N H E S A G T </s> M A G N A V G L G N F L R F P V A Y Y Q I F F T L S L F A I Y N E A G T S S I A I M G V </s> C S C C [ C @ H ] ( [ N H 3 + ] ) C ( = O ) [ O - ]
3f3e,R E H W A T R L G L I L A M A G N A V G L G N F L R F P V Q A A E N G G G A F M I P Y I I A F L L V G I P L M W I E W A M G R Y G G A Q G H G T T P A I F Y L L W R N R F A K I L G V F G L W I P L V V A I Y Y V Y I E S W T L G F A I K F L V G L V P E P P P T D P D S I L R P F K E F L Y S Y I G V P K G D E P I L K P S L F A Y I V F L I T M F I N V S I L I R G I S K G I E R F A K I A M P T L F I L A V F L V I R V F L L E T P N G T A A D G L N F L W T P D F E K L K D P G V W I A A V G Q I F F T L S L G F G A I I T Y A S Y V R K D Q D I V L S G L T A A T L N E K A E V I L G G S I S I P A A V A F F G V A N A V A I A K A G A F N L G F I T L P A I F S Q T A G G T F L G F L W F F L L F F A G L T S S I A I M Q P M I A F L E D E L K L S R K H A V L W T A A I V F F S A H L V M F L N K S L D E M D F W A G T I G V V F F G L T E L I I F F W I F G A D K A W E E I N R G G I I K V P R I Y Y Y V M R Y I T P A F L A V L L V V W A R E Y I P K I M E E T H W T V W I T R F Y I I G L F L F L T F L V F L A E R R R N H E S A G T R E H W A T R L G L I L A M A G N A V G L G N F L R F P V Q A A E N G G G A F M I P Y I I A F L L V G I P L M W I E W A M G R Y G G A Q G H G T T P A I F Y L L W R N R F A K I L G V F G L W I P L V V A I Y Y V Y I E S W T L G F A I K F L V G L V P E P P P T D P D S I L R P F K E F L Y S Y I G V P K G D E P I L K P S L F A Y I V F L I T M F I N V S I L I R G I S K G I E R F A K I A M P T L F I L A V F L V I R V F L L E T P N G T A A D G L N F L W T P D F E K L K D P G V W I A A V G Q I F F T L S L G F G A I I T Y A S Y V R K D Q D I V L S G L T A A T L N E K A E V I L G G S I S I P A A V A F F G V A N A V A I A K A G A F N L G F I T L P A I F S Q T A G G T F L G F L W F F L L F F A G L T S S I A I M Q P M I A F L E D E L K L S R K H A V L W T A A I V F F S A H L V M F L N K S L D E M D F W A G T I G V V F F G L T E L I I F F W I F G A D K A W E E I N R G G I I K V P R I Y Y Y V M R Y I T P A F L A V L L V V W A R E Y I P K I M E E T H W T V W I T R F Y I I G L F L F L T F L V F L A E R R R N H E S A G T </s> M A G N A V G L G N F L R F I P V A Y Y Q I F F T L S L F A I Y N E A G T S S I A I M G V </s> C C ( C ) C [ C @ H ] ( [ N H 3 + ] ) C ( = O ) [ O - ]
3fcq,I T G T S T V G V G R G V L G D Q K N I N T T Y S T Y Y Y L Q D N T R G D G I F T Y D A K Y R T T L P G S L W A D A D N Q F F A S Y D A P A V D A H Y Y A G V T Y D Y Y K N V H N R L S Y D G N N A A I R S S V H Y S Q G Y N N A F W N G S E M V Y G D G D G Q T F I P L S G G I D V V A H E L T H A V T D Y T A G L I Y Q N E S G A I N E A I S D I F G T L V E F Y A N K N P D W E I G E D V Y T P G I S G D S L R S M S D P A K Y G D P D H Y S K R Y T G T Q D N G G V H I N S G I I N K A A Y L I S Q G G T H Y G V S V V G I G R D K L G K I F Y R A L T Q Y L T P T S N F S Q L R A A A V Q S A T D L Y G S T S Q E V A S V K Q A F D A V G V K </s> Y N N A F W V Y G F L G D V V A H E L H Y N E S D I G V Y L R D V H S </s> C C ( = O ) O c 1 c ( C ) c c c c 1 C ( = O ) [ O - ]
3fur,P E S A D L R A L A K H L Y D S Y I K S F P L T K A K A R A I L T G K T T D K S P F V I Y D M N S L M M G K E V A I R I F Q G C Q F R S V E A V Q E I T E Y A K S I P G F V N L D L N D Q V T L L K Y G V H E I I Y T M L A S L M N K D G V L I S E G Q G F M T R E F L K S L R K P F G D F M E P K F E F A V K F N A L E L D D S D L A I F I A V I I L S G D R P G L L N V K P I E D I Q D N L L Q A L E L Q L K L N H P E S S Q L F A K L L Q K M T D L R Q I V T E H V Q L L Q V I K K T E T D M S L H P L L Q E I Y K D L Y </s> I L V A I R I F Q G C Q F R S V E A V H I Y L L M G V L I S E G Q G M L K L R P F G D F M E P K F I H L L I Y </s> O = S ( = O ) ( N c 1 c c ( C l ) c ( O c 2 c n c 3 c c c c c 3 c 2 ) c ( C l ) c 1 ) c 1 c c c ( C l ) c c 1 C l
3fv1,A N R T L I V T T I L E E P Y V M Y R K S D K P L Y G N D R F E G Y C L D L L K E L S N I L G F I Y D V K L V P D G K Y G A Q N D K G E W N G M V K E L I D H R A D L A V A P L T I T Y V R E K V I D F S K P F M T L G I S I L Y R K G T P I D S A D D L A K Q T K I E Y G A V R D G S T M T F F K K S K I S T Y E K M W A F M S S R Q Q T A L V R N S D E G I Q R V L T T D Y A L L M E S T S I E Y V T Q R N C N L T Q I G G L I D S K G Y G V G T P I G S P Y R D K I T I A I L Q L Q E E G K L H M M K E K W W R G N G C P </s> I L E E P Y K Y G A M V A P L T I T R F L G I S L A V R D G S T M T F V R N S D G I L L M E S T S I K G Y G W </s> C [ N H 2 + ] [ C @ H ] 1 [ C @ H ] 2 O [ C @ @ ] ( C [ C @ H ] ( [ N H 3 + ] ) C ( = O ) [ O - ] ) ( C ( = O ) [ O - ] ) C [ C @ H ] 2 O C [ C @ H ] 1 O
3fv2,A N R T L I V T T I L E E P Y V M Y R K S D K P L Y G N D R F E G Y C L D L L K E L S N I L G F I Y D V K L V P D G K Y G A Q N D K G E W N G M V K E L I D H R A D L A V A P L T I T Y V R E K V I D F S K P F M T L G I S I L Y R K G T P I D S A D D L A K Q T K I E Y G A V R D G S T M T F F K K S K I S T Y E K M W A F M S S R Q Q T A L V R N S D E G I Q R V L T T D Y A L L M E S T S I E Y V T Q R N C N L T Q I G G L I D S K G Y G V G T P I G S P Y R D K I T I A I L Q L Q E E G K L H M M K E K W W R G N G C P </s> I L E E Y K Y G A M V A P L T I T R F L G I S L A V R D G S T M T F V R N S D G I L L M E S T S I V K G Y G W </s> [ N H 3 + ] [ C @ @ H ] ( C [ C @ ] 1 ( C ( = O ) [ O - ] ) C [ C @ H ] 2 O C [ C @ @ H ] ( O ) [ C @ @ H ] ( O ) [ C @ H ] 2 O 1 ) C ( = O ) [ O - ]
3g0w,Q P I F L N V L E A I E P G V V C A G H D N N Q P D S F A A L L S S L N E L G E R Q L V H V V K W A K A L P G F R N L H V D D Q M A V I Q Y S W M G L M V F A M G W R S F T N V N S R M L Y F A P D L V F N E Y R M H K S R M Y S Q C V R M R H L S Q E F G W L Q I T P Q E F L C M K A L L L F S I I P V D G L K N Q K F F D E L R M N Y I K E L D R I I A C K R K N P T S C S R R F Y Q L T K L L D S V Q P I A R E L H Q F T F D L L I K S H M V S V D F P E M M A E I I S V Q V P K I L S G K V K P I Y F H T </s> V A F L L S S L N E L G E R Q L W M G L M V F A M G R S L Y F A L S M Q C M I A E L H Q F T F L L V D F P M A I I V </s> C c 1 c ( / N = C 2 \ O [ C @ @ H ] ( C ( F ) ( F ) F ) [ C @ @ H ] 3 [ C @ @ H ] ( O ) C C N 2 3 ) c c c ( C # N ) c 1 C l
3g2n,Q I S V R G L A G V E N V T E L K K N F N R H L H F T L V K D R N V A T P R D Y Y F A L A H T V R D H L V G R W I R T Q Q H Y Y E K D P K R I Y Y L S L E F Y M G R T L Q N T M V N L A L E N A C D E A T Y Q L G L D M E E L E E I E E D A G L G N G G L G R L A A C F L D S M A T L G L A A Y G Y G I R Y E F G I F N Q K I C G G W Q M E E A D D W L R Y G N P W E K A R P E F T L P V H F Y G R V E H T S Q G A K W V D T Q V V L A M P Y D T P V P G Y R N N V V N T M R L W S A K A P N D F N L N V G G Y I Q A V L D R N L A E N I S R V L Y P N D N F F E G K E L R L K Q E Y F V V A A T L Q D I I R R F K S S K F G T N F D A F P D K V A I Q L N D T H P S L A I P E L M R V L V D L E R L D W D K A W E V T V K T C A Y T N H T V L P E A L E R W P V H L L E T L L P R H L Q I I Y E I N Q R F L N R V A A A F P G D V D R L R R M S L V E E G A V K R I N M A H L C I A G S H A V N G V A R I H S E I L K K T I F K D F Y E L E P H K F Q N K T N G I T P R R W L V L C N P G L A E I I A E R I G E E Y I S D L D Q L R K L L S Y V D D E A F I R D V A K V K Q E N K L K F A A Y L E R E Y K V H I N P N S L F D V Q V K R I H E Y K R Q L L N C L H V I T L Y N R I K K E P N K F V V P R T V M I G G K A A P G Y H M A K M I I K L I T A I G D V V N H D P V V G D R L R V I F L E N Y R V S L A E K V I P A A D L S E Q I S T A G T E A S G T G N M F M L N G A L T I G T M D G A N V E M A E E A G E E N F F I F G M R V E D V D R L D Q R G Y N A Q E Y Y D R I P E L R Q I I E Q L S S G F F S P K Q P D L F K D I V N M L M H H D R F K V F A D Y E E Y V K C Q E R V S A L Y K N P R E W T R M V I R N I A T S G K F S S D R T I A Q Y A R E I W G V E P S R Q R L P A </s> Y E N G G L G R L A F N D N F F R N D T H Y T N H T V L E A L E N G V A H K N G K R Y K S T E A S G T G N M D G A Y </s> O = C ( N [ C @ @ H ] 1 O [ C @ H ] ( C O ) [ C @ @ H ] ( O ) [ C @ H ] ( O ) [ C @ H ] 1 O ) c 1 c c c c c 1
3g2z,T S A V Q Q K L A A L E K S S G G R L G V A L I D T A D N T Q V L Y R G D E R F P M C S T S K V M A A A A V L K Q S E T Q K Q L L N Q P V E I K P A D L V N Y N P I A E K H V N G T M T L A E L S A A A L Q Y S D N T A M N K L I A Q L G G P G G V T A F A R A I G D E T F R L D R T E P T L N T A I P G D P R D T T T P R A M A Q T L R Q L T L G H A L G E T Q R A Q L V T W L K G N T T G A A S I R A G L P T S W T A G D K T G S G D Y G T T N D I A V I W P Q G R A P L V L V T Y F T Q P Q Q N A E S R R D V L A S A A R I I A E G L </s> M C S T K N Y N P A L Y S D N E P N N T G S D K T G S G T T N D S R </s> O = C 1 C = C ( N c 2 n n n [ n H ] 2 ) C C C 1
3g31,T S A V Q Q K L A A L E K S S G G R L G V A L I D T A D N T Q V L Y R G D E R F P M C S T S K V M A A A A V L K Q S E T Q K Q L L N Q P V E I K P A D L V N Y N P I A E K H V N G T M T L A E L S A A A L Q Y S D N T A M N K L I A Q L G G P G G V T A F A R A I G D E T F R L D R T E P T L N T A I P G D P R D T T T P R A M A Q T L R Q L T L G H A L G E T Q R A Q L V T W L K G N T T G A A S I R A G L P T S W T A G D K T G S G D Y G T T N D I A V I W P Q G R A P L V L V T Y F T Q P Q Q N A E S R R D V L A S A A R I I A E G L </s> P I A K H M T A E L S A A A L Q Y D W G T </s> C [ C @ H ] ( C ( = O ) [ O - ] ) N 1 C ( = O ) [ C @ @ H ] 2 [ C @ @ H ] 3 C C [ C @ @ H ] ( C 3 ) [ C @ @ H ] 2 C 1 = O
3gbb,N R T L I V T T I L E E P Y V M Y R K S D K P L Y G N D R F E G Y C L D L L K E L S N I L G F L Y D V K L V P D G K Y G A Q N D K G E W N G M V K E L I D H R A D L A V A P L T I T Y V R E K V I D F S K P F M T L G I S I L Y R K G T P I D S A D D L A K Q T K I E Y G A V R D G S T M T F F K K S K I S T Y E K M W A F M S S R Q Q S A L V K N S D E G I Q R V L T T D Y A L L M E S T S I E Y V T Q R N C N L T Q I G G L I D S K G Y G V G T P I G S P Y R D K I T I A I L Q L Q E E G K L H M M K E K W W R G N G C P </s> I L E E Y K Y G A M V A P L T I T R F L G I S A V R D G S T M T F V K N S D G I L L M E S T S I V K G Y G </s> [ N H 3 + ] [ C @ @ H ] ( C [ C @ ] 1 ( C ( = O ) [ O - ] ) C [ C @ H ] 2 O C C C [ C @ H ] 2 O 1 ) C ( = O ) [ O - ]
3gc5,R P R F S F S I A A R E G K A R T G T I E M K R G V I R T P A F M P V G T A A T V K A L K P E T V R A T G A D I I L G N T Y H L M L R P G A E R I A K L G G L H S F M G W D R P I L T D S G G Y Q V M S L S L T K Q S E E G V T F K S S R H M L S P E R S I E I Q H L L G S D I V M A F D E C T P Y P A T P S R A A S S M E R S M R W A K R S R D A F D S R K E Q A E N A A L F G I Q Q G S V F E N L R Q Q S A D A L A E I G F D G Y A V G G L A V G E G Q D E M F R V L D F S V P M L P D D K P H Y L M G V G K P D D I V G A V E R G I D M F D C V L P T R S G R N G Q A F T W D G P I N I R N A R F S E D L K P L D S E C H C A V C Q K W S R A Y I H H L I R A G E I L G A M L M T E H N I A F Y Q Q L M Q K I R D S I S E G R F S Q F A Q D F R A R Y F A R P R F S F S I A A R E G K A R T G T I E M K R G V I R T P A F M P V G T A A T V K A L K P E T V R A T G A D I I L G N T Y H L M L R P G A E R I A K L G G L H S F M G W D R P I L T D S G G Y Q V M S L S L T K Q S E E G V T F K S S R H M L S P E R S I E I Q H L L G S D I V M A F D E C T P Y P A T P S R A A S S M E R S M R W A K R S R D A F D S R K E Q A E N A A L F G I Q Q G S V F E N L R Q Q S A D A L A E I G F D G Y A V G G L A V G E G Q D E M F R V L D F S V P M L P D D K P H Y L M G V G K P D D I V G A V E R G I D M F D C V L P T R S G R N G Q A F T W D G P I N I R N A R F S E D L K P L D S E C H C A V C Q K W S R A Y I H H L I R A G E I L G A M L M T E H N I A F Y Q Q L M Q K I R D S I S E G R F S Q F A Q D F R A R Y F A </s> M V T L G N L T D S G G Y Q V S M A F D E C T S I Q Q G S R A V G G L A V G E M Y L M G V G F D C V L R </s> C N c 1 n c 2 c ( C C [ N H 3 + ] ) c 3 n c ( N ) [ n H ] c ( = O ) c 3 c c 2 [ n H ] 1
3ge7,R P R F S F S I A A R E G K A R T G T I E M K R G V I R T P A F M P V G T A A T V K A L K P E T V R A T G A D I I L G N T Y H L M L R P G A E R I A K L G G L H S F M G W D R P I L T D S G G Y Q V M T K Q S E E G V T F M L S P E R S I E I Q H L L G S D I V M A F D E C T P Y P A T P S R A A S S M E R S M R W A K R S R D A F D S R K E Q A E N A A L F G I Q Q G S V F E N L R Q Q S A D A L A E I G F D G Y A V G G L A V G E G Q D E M F R V L D F S V P M L P D D K P H Y L M G V G K P D D I V G A V E R G I D M F D C V L P T R S G R N G Q A F T W D G P I N I R N A R F S E D L K P L D S E C H C A V C Q K W S R A Y I H H L I R A G E I L G A M L M T E H N I A F Y Q Q L M Q K I R D S I S E G R F S Q F A Q D F R A R Y F A R P R F S F S I A A R E G K A R T G T I E M K R G V I R T P A F M P V G T A A T V K A L K P E T V R A T G A D I I L G N T Y H L M L R P G A E R I A K L G G L H S F M G W D R P I L T D S G G Y Q V M T K Q S E E G V T F M L S P E R S I E I Q H L L G S D I V M A F D E C T P Y P A T P S R A A S S M E R S M R W A K R S R D A F D S R K E Q A E N A A L F G I Q Q G S V F E N L R Q Q S A D A L A E I G F D G Y A V G G L A V G E G Q D E M F R V L D F S V P M L P D D K P H Y L M G V G K P D D I V G A V E R G I D M F D C V L P T R S G R N G Q A F T W D G P I N I R N A R F S E D L K P L D S E C H C A V C Q K W S R A Y I H H L I R A G E I L G A M L M T E H N I A F Y Q Q L M Q K I R D S I S E G R F S Q F A Q D F R A R Y F A </s> M P V G T A L G N T Y H L L T D S G G Y Q M A F D E C T S I Q Q G S R A V G G L A V G E M Y L M G V G F D C V L R </s> C N c 1 n c 2 c ( C C [ N H 2 + ] C C 3 C C C C 3 ) c 3 [ n H ] c ( = [ N H 2 + ] ) [ n H ] c ( = O ) c 3 c c 2 [ n H ] 1
3gnw,S M S Y T W T G A L I T P C A A E E S K L P I N P L S N S L L R H H N M V Y A T T S R S A S L R Q K K V T F D R L Q V L D D H Y R D V L K E M K A K A S T V K A K L L S I E E A C K L T P P H S A K S K F G Y G A K D V R N L S S R A V N H I R S V W E D L L E D T E T P I D T T I M A K S E V F C V Q P G R K P A R L I V F P D L G V R V C E K M A L Y D V V S T L P Q A V M G S S Y G F Q Y S P K Q R V E F L V N T W K S K K C P M G F S Y D T R C F D S T V T E S D I R V E E S I Y Q C C D L A P E A R Q A I R S L T E R L Y I G G P L T N S K G Q N C G Y R R C R A S G V L T T S C G N T L T C Y L K A T A A C R A A K L Q D C T M L V N G D D L V V I C E S A G T Q E D A A A L R A F T E A M T R Y S A P P G D P P Q P E Y D L E L I T S C S S N V S V A H D A S G K R V Y Y L T R D P T T P L A R A A W E T A R H T P I N S W L G N I I M Y A P T L W A R M I L M T H F F S I L L A Q E Q L E K A L D C Q I Y G A C Y S I E P L D L P Q I I E R L H G L S A F T L H S Y S P G E I N R V A S C L R K L G V P P L R T W R H R A R S V R A K L L S Q G G R A A T C G R Y L F N W A V R T K L K L T P I P A A S Q L D L S G W F V A G Y S G G D I Y H S </s> K E R G F Y S P K Q R V L D S T S N L N G D D T S C S S N Y L T R T P R E I N S W L G N I I M Y A P T W C Q I Y G A C Y L H F A G Y S G G </s> C c 1 c c c c ( C ( = O ) N 2 c 3 c c c c ( O ) c 3 N C 3 = C ( [ C @ @ H ] 2 c 2 c c c ( O C c 4 c c c c c 4 ) c c 2 F ) S ( = O ) ( = O ) C C ( C ) ( C ) C 3 ) n 1
3gr2,A P Q Q I N D I V H R T I T P L I E Q Q K I P G M A V A V I Y Q G K P Y Y F T W G Y A D I A K K Q P V T Q Q T L F E L G S V S K T F T G V L G G D A I A R G E I K L S D P T T K Y W P E L T A K Q W N G I T L L H L A T Y T A G G L P L Q V P D E V K S S S D L L R F Y Q N W Q P A W A P G T Q R L Y A N S S I G L F G A L A V K P S G L S F E Q A M Q T R V F Q P L K L N H T W I N V P P A E E K N Y A W G Y R E G K A V H V S P G A L D A E A Y G V K S T I E D M A R W V Q S N L K P L D I N E K T L Q Q G I Q L A Q S R Y W Q T G D M Y Q G L G W E M L D W P V N P D S I I N G S D N K I A L A A R P V K A I T P P T P A V R A S W V H K T G A T G G F G S Y V A F I P E K E L G I V M L A N K N Y P N P A R V D A A W Q I L N A L Q </s> E G S K L Q V D Y A N R V H V S P G A D A Y G G A T G G F N R </s> C C C 1 C ( = O ) N ( c 2 n n n [ n H ] 2 ) N = C 1 C
3gv9,A P Q Q I N D I V H R T I T P L I E Q Q K I P G M A V A V I Y Q G K P Y Y F T W G Y A D I A K K Q P V T Q Q T L F E L G S V S K T F T G V L G G D A I A R G E I K L S D P T T K Y W P E L T A K Q W N G I T L L H L A T Y T A G G L P L Q V P D E V K S S S D L L R F Y Q N W Q P A W A P G T Q R L Y A N S S I G L F G A L A V K P S G L S F E Q A M Q T R V F Q P L K L N H T W I N V P P A E E K N Y A W G Y R E G K A V H V S P G A L D A E A Y G V K S T I E D M A R W V Q S N L K P L D I N E K T L Q Q G I Q L A Q S R Y W Q T G D M Y Q G L G W E M L D W P V N P D S I I N G S D N K I A L A A R P V K A I T P P T P A V R A S W V H K T G A T G G F G S Y V A F I P E K E L G I V M L A N K N Y P N P A R V D A A W Q I L N A L Q </s> L G S V S K L Q V Y A N S V D A Y G S N A L K T G A T G G F G S N N R </s> C C ( = O ) N c 1 c c s c 1 C ( = O ) [ O - ]
3gy4,I V G G Y T C G A N T V P Y Q V S L N S G Y H F C G G S L I N S Q W V V S A A H C Y K S G I Q V R L G E D N I N V V E G N E Q F I S A S K S I V H P S Y N S N T L N N D I M L I K L K S A A S L N S R V A S I S L P T S C A S A G T Q C L I S G W G N T K S S G T S Y P D V L K C L K A P I L S D S S C K S A Y P G Q I T S N M F C A G Y L E G G K D S C Q G D S G G P V V C S G K L Q G I V S W G S G C A Q K N K P G V Y T K V C N Y V S W I K Q T I A S N </s> I V C H L D I N S Y Y A K D S C Q G D S G G I V S W G S G C A Q K P G V Y </s> N C ( = [ N H 2 + ] ) c 1 c c c ( N ) c c 1
3ivg,I P A F H P G E L N V Y S A P G D V A D V S R A L R L T G R R V M L V P T M G A L H E G H L A L V R A A K R V P G S V V V V S I F V N P M Q F G A G G D L D A Y P R T P D D D L A Q L R A E G V E I A F T P T T A A M Y P D G L R T T V Q P G P L A A E L E G G P R P T H F A G V L T V V L K L L Q I V R P D R V F F G E K D Y Q Q L V L I R Q L V A D F N L D V A V V G V P T V R E A D G L A M S S R N R Y L D P A Q R A A A V A L S A A L T A A A H A A T A G A Q A A L D A A R A V L D A A P G V A V D Y L E L R D I G L G P M P L N G S G R L L V A A R L G T T R L L D N I A I E I G T A I P A F H P G E L N V Y S A P G D V A D V S R A L R L T G R R V M L V P T M G A L H E G H L A L V R A A K R V P G S V V V V S I F V N P M Q T P D D D L A Q L R A E G V E I A F T P T T A A M Y P D G L R T T V Q P G P L A A E L E G G P R P T H F A G V L T V V L K L L Q I V R P D R V F F G E K D Y Q Q L V L I R Q L V A D F N L D V A V V G V P T V R E A D G L A M S S R N R Y L D P A Q R A A A V A L S A A L T A A A H A A T A G A Q A A L D A A R A V L D A A P G V A V D Y L E L R D I G L G P M P L N G S G R L L V A A R L G T T R L L D N I A I E I G </s> V P T M G A L H E G H L A L V A V S I F V N Q M H G V L T V V L L F F G E K D Q I G V P T V R L A M S S R N R L </s> C O c 1 c c c 2 c ( c 1 ) c c ( C N S ( = O ) ( = O ) c 1 c c 3 c c c c c 3 o 1 ) n 2 C C ( = O ) [ O - ]
3jvr,A V P F V E D W D L V Q T L G E E V Q L A V N R V T E E A V A V K I V D M E N I K K E I C I N K M L N H E N V V K F Y G H R R E I Q Y L F L E Y C S G G E L F D R I E P D I G M P E P D A Q R F F H Q L M A G V V Y L H G I G I T H R D I K P E N L L L D E R D N L K I S D F G L A T V F R Y N N R E R L L N K M C G T L P Y V A P E L L K R R E F H A E P V D V W S C G I V L T A M L A G E L P W D Q P S D S C Q E Y S D W K E K K T Y L N P W K K I D S A P L A L L H K I L V E N P S A R I T I P D I K K D R W Y N K P L K K G </s> E L F D R I E P D I G M K P E Y I V T A M L A G E L P K </s> C [ C @ H ] ( O C ( = O ) N c 1 c c c ( C l ) c ( C l ) c 1 ) c 1 n c 2 c c c c c 2 [ n H ] 1
3jvs,A V P F V E D W D L V Q T L G E E V Q L A V N R V T E E A V A V K I V D N I K K E I C I N K M L N H E N V V K F Y G H R R E I Q Y L F L E Y C S G G E L F D R I E P D I G M P E P D A Q R F F H Q L M A G V V Y L H G I G I T H R D I K P E N L L L D E R D N L K I S D F G L A T V F R Y N N R E R L L N K M C G T L P Y V A P E L L K R R E F H A E P V D V W S C G I V L T A M L A G E L P W D Q P S D S C Q E Y S D W K E K K T Y L N P W K K I D S A P L A L L H K I L V E N P S A R I T I P D I K K D R W Y N K P L K K G </s> E L F D R I E P D I G M P K P E N L P Y I V T A M L A G E L P K </s> C C ( C ) ( C ) c 1 c c c ( C ( = O ) N N C ( = O ) N c 2 c c c c 3 c c c c c 2 3 ) c c 1 [ N + ] ( = O ) [ O - ]
3jya,P L E S Q Y Q V G P L L G S G G F G S V Y S G I R V S D N L P V A I K H V E K D R I S D W G E L P N G T R V P M E V V L L K K V S S G F S G V I R L L D W F E R P D S F V L I L E R P E P V Q D L F D F I T E R G A L Q E E L A R S F F W Q V L E A V R H C H N C G V L H R D I K D E N I L I D L N R G E L K L I D F G S G A L L K D T V Y T D F D G T R V Y S P P E W I R Y H R Y H G R S A A V W S L G I L L Y D M V C G D I P F E H D E E I I R G Q V F F R Q R V S S E C Q H L I R W C L A L R P S D R P T F E E I Q N H P W M Q D V L L P Q E T A E I H L H S </s> L L G S G F G S V Y S G P V A I K H E L I R L L E R P E V Q D D E N L I K L I D F G </s> O = c 1 [ n H ] c n c 2 c 1 s c 1 c ( C l ) c c c ( C l ) c 1 2
3k5v,A M D P S S P N Y D K W E M E R T D I T M K H K L G G G Q Y G E V Y E G V W K K Y S L T V A V K T L K E D M E V E E F L K E A A V M K E I K H P N L V Q L L G V C T R E P P F Y I I T E F M T Y G N L L D Y L R E C N R Q E V S A V V L L Y M A T Q I S S A M E Y L E K K N F I H R D L A A R N C L V G E N H L V K V A D F G L S R L M T G D T Y T A H A G A K F P I K W T A P E S L A Y N K F S I K S D V W A F G V L L W E I A T Y G M S P Y P G I D L S Q V Y E L L E K D Y R M E R P E G C P E K V Y E L M R A C W Q W N P S D R P S F A E I H Q A F E T M F Q E S S I S D E V E K E L </s> R V S A V V L L Y M A T F L L W E I A T Y R P E G C P E K V Y L M F M F I S E V E E L </s> N C ( = O ) c 1 c c c c ( - c 2 c c ( N c 3 c c c ( O C ( F ) ( F ) F ) c c 3 ) n c n 2 ) c 1
3kgp,I I G G E F T T I E N Q P W F A A I Y R R H V T Y V C G G S L I S P C W V I S A T H C F I D Y P K K E D Y I V Y L G R S R L N S N T Q G E M K F E V E N L I L H K D Y S A D A H H N D I A L L K I R S K E G R C A Q P S R T I Q T I A L P S M Y N D P Q F G T S C E I T G F G K E Q S T D Y L Y P E Q L K M T V V K L I S H R E C Q Q P H Y Y G S E V T T K M L C A A D P Q W K T D S C Q G D S G G P L V C S L Q G R M T L T G I V S W G R G C A L K D K P G V Y T R V S H F L P W I R S H T </s> I V C H C H D I K S Y Y A T D S C Q G D S G G I V S W G R G C A L K P G V Y </s> [ N H 3 + ] C c 1 c c c ( C ( = O ) [ O - ] ) c c 1
3kr8,G T I L I D L S P D D K E F Q S V E E E M Q S T V R E H R D G G H A G G I F N R Y N I L K I Q K V C N K K L W E R Y T H R R K E V S E E N H N H A N E R M L F H G S P F V N A I I H K G F D E R H A Y I G G M F G A G I Y F A E N S S K S N Q Y V Y G I G G G T G C P V H K D R S C Y I C H R Q L L F C R V T L G K S F L Q F S A H S P P G H H S V T G R P S V N G L A L A E Y V I Y R G E Q A Y P E Y L I T Y Q I M R P E </s> R L F H G S P F V I F D E R H A Y I G G M F G I Y F A E N S S K S N Q Y V Y G I G G L L G L A E Y V </s> O = c 1 [ n H ] c ( - c 2 c c c ( C ( F ) ( F ) F ) c c 2 ) n c 2 c 1 C S C C 2
3kwa,H W G Y G K H N G P E H W H K D F P I A K G E R Q S P V D I D T H T A K Y D P S L K P L S V S Y D Q A T S L R I L N N G H A F N V E F D D S Q D K A V L K G G P L D G T Y R L I Q F H F H W G S L D G Q G S E H T V D K K K Y A A E L H L V H W N T K Y G D F G K A V Q Q P D G L A V L G I F L K V G S A K P G L Q K V V D V L D S I K T K G K S A D F T N F D P R G L L P E S L D Y W T Y P G S L T T P P L L E C V T W I V L K E P I S V S S E Q V L K F R K L N F N G E G E P E E L M V D N W R P A Q P L K N R Q I K A S F </s> W Y S P N H A F N I Q F H F H E H E L H L V H F V L A V L S L T T P P L L C V W R </s> [ N H 3 + ] C C C [ N H 2 + ] C C C C [ N H 2 + ] C C C [ N H 3 + ]
3l7b,Q I S V R G L A G V E N V T E L K K N F N R H L H F T L V K D R N V A T P R D Y Y F A L A H T V R D H L V G R W I R T Q Q H Y Y E K D P K R I Y Y L S L E F Y M G R T L Q N T M V N L A L E N A C D E A T Y Q L G L D M E E L E E I E E D A G L G N G G L G R L A A C F L D S M A T L G L A A Y G Y G I R Y E F G I F N Q K I C G G W Q M E E A D D W L R Y G N P W E K A R P E F T L P V H F Y G R V E H T S Q G A K W V D T Q V V L A M P Y D T P V P G Y R N N V V N T M R L W S A K A P N D F N L G Y I Q A V L D R N L A E N I S R V L Y P N D N F F E G K E L R L K Q E Y F V V A A T L Q D I I R R F K S S N F D A F P D K V A I Q L N D T H P S L A I P E L M R V L V D L E R L D W D K A W E V T V K T C A Y T N H T V L P E A L E R W P V H L L E T L L P R H L Q I I Y E I N Q R F L N R V A A A F P G D V D R L R R M S L V E E G A V K R I N M A H L C I A G S H A V N G V A R I H S E I L K K T I F K D F Y E L E P H K F Q N K T N G I T P R R W L V L C N P G L A E I I A E R I G E E Y I S D L D Q L R K L L S Y V D D E A F I R D V A K V K Q E N K L K F A A Y L E R E Y K V H I N P N S L F D V Q V K R I H E Y K R Q L L N C L H V I T L Y N R I K K E P N K F V V P R T V M I G G K A A P G Y H M A K M I I K L I T A I G D V V N H D P V V G D R L R V I F L E N Y R V S L A E K V I P A A D L S E Q I S T A G T E A S G T G N M F M L N G A L T I G T M D G A N V E M A E E A G E E N F F I F G M R V E D V D R L D Q R G Y N A Q E Y Y D R I P E L R Q I I E Q L S S G F F S P K Q P D L F K D I V N M L M H H D R F K V F A D Y E E Y V K C Q E R V S A L Y K N P R E W T R M V I R N I A T S G K F S S D R T I A Q Y A R E I W G V E P S R Q R L P A Q I S V R G L A G V E N V T E L K K N F N R H L H F T L V K D R N V A T P R D Y Y F A L A H T V R D H L V G R W I R T Q Q H Y Y E K D P K R I Y Y L S L E F Y M G R T L Q N T M V N L A L E N A C D E A T Y Q L G L D M E E L E E I E E D A G L G N G G L G R L A A C F L D S M A T L G L A A Y G Y G I R Y E F G I F N Q K I C G G W Q M E E A D D W L R Y G N P W E K A R P E F T L P V H F Y G R V E H T S Q G A K W V D T Q V V L A M P Y D T P V P G Y R N N V V N T M R L W S A K A P N D F N L G Y I Q A V L D R N L A E N I S R V L Y P N D N F F E G K E L R L K Q E Y F V V A A T L Q D I I R R F K S S N F D A F P D K V A I Q L N D T H P S L A I P E L M R V L V D L E R L D W D K A W E V T V K T C A Y T N H T V L P E A L E R W P V H L L E T L L P R H L Q I I Y E I N Q R F L N R V A A A F P G D V D R L R R M S L V E E G A V K R I N M A H L C I A G S H A V N G V A R I H S E I L K K T I F K D F Y E L E P H K F Q N K T N G I T P R R W L V L C N P G L A E I I A E R I G E E Y I S D L D Q L R K L L S Y V D D E A F I R D V A K V K Q E N K L K F A A Y L E R E Y K V H I N P N S L F D V Q V K R I H E Y K R Q L L N C L H V I T L Y N R I K K E P N K F V V P R T V M I G G K A A P G Y H M A K M I I K L I T A I G D V V N H D P V V G D R L R V I F L E N Y R V S L A E K V I P A A D L S E Q I S T A G T E A S G T G N M F M L N G A L T I G T M D G A N V E M A E E A G E E N F F I F G M R V E D V D R L D Q R G Y N A Q E Y Y D R I P E L R Q I I E Q L S S G F F S P K Q P D L F K D I V N M L M H H D R F K V F A D Y E E Y V K C Q E R V S A L Y K N P R E W T R M V I R N I A T S G K F S S D R T I A Q Y A R E I W G V E P S R Q R L P A </s> Y E N G G L G R L A F N D N F F R N D T H T N H T V L A L N G V A H K N G K R Y K T E A S G T G N M D G A Y </s> N c 1 c c n ( [ C @ @ H ] 2 O [ C @ H ] ( C O ) [ C @ @ H ] ( O ) [ C @ H ] ( F ) [ C @ H ] 2 O ) c ( = O ) n 1
3lka,G P V W R K H Y I T Y R I N N Y T P D M N R E D V D Y A I R K A F Q V W S N V T P L K F S K I N T G M A D I L V V F A R G A H G D D H A F D G K G G I L A H A F G P G S G I G G D A H F D E D E F W T T H S G G T N L F L T A V H E I G H S L G L G H S S D P K A V M F P T Y K Y V D I N T F R L S A D D I R G I Q S L Y G </s> F D G G I L A H H F D E W T N L F L T A V H E I H H A V M F P T Y K Y V F </s> C O c 1 c c c ( S ( N ) ( = O ) = O ) c c 1
3mss,M D P S Y D K W E M E R T D I T M K H K L G G G Q Y G E V Y E G V W K K Y S L T V A V K T L V E E F L K E A A V M K E I K H P N L V Q L L G V C T R E P P F Y I I T E F M T Y G N L L D Y L R E C N R Q E V S A V V L L Y M A T Q I S S A M E Y L E K K N F I H R D L A A R N C L V G E N H L V K V A D F G L S R L M G D T Y T A H A G A K F P I K W T A P E S L A Y N K F S I K S D V W A F G V L L W E I A T Y G M S P Y P G I D L S Q V Y E L L E K D Y R M E R P E G C P E K V Y E L M R A C W Q W N P S D R P S F A E I H Q A F E T M F Q </s> S A V V L L Y M A T F L L W E I A T Y P E G C P E K V Y L M A F T M F Q </s> C N C ( = O ) [ C @ @ H ] ( [ N H 3 + ] ) C c 1 c c c ( O C c 2 c c c c c 2 ) c c 1
3myg,R Q W A L E D F E I G R P L G K G K F G N V Y L A R E K Q S K F I L A L K V L F K A Q L E K A G V E H Q L R R E V E I Q S H L R H P N I L R L Y G Y F H D A T R V Y L I L E Y A P L G T V Y R E L Q K L S K F D E Q R T A T Y I T E L A N A L S Y C H S K R V I H R D I K P E N L L L G S A G E L K I A D F G W S V H T L D Y L P P E M I E G R M H D E K V D L W S L G V L C Y E F L V G K P P F E A N T Y Q E T Y K R I S R V E F T F P D F V T E G A R D L I S R L L K H N P S Q R P M L R E V L E H P W I T A N S S </s> R P L G K N V Y L L A L K E Q L R L L I L E Y A P L G T R E K E N L L L K I A D F G </s> C C [ N @ H + ] ( C c 1 c c ( N c 2 n c ( C ) c n 3 c ( - c 4 c n [ n H ] c 4 ) c n c 2 3 ) s n 1 ) C ( C ) ( C ) C O
3n76,E L I V N V I N G P N L G R L G R R E P A V Y G G T T H D E L V A L I E R E A A E L G L K A V V R Q S D S E A Q L L D W I H Q A A D A A E P V I L N A G G L T H T S V A L R D A C A E L S A P L I E V H I S N V H A R E E F R R H S Y L S P I A T G V I V G L G I Q G Y L L A L R Y L A E H V E L I V N V I N G P N L G R L G R R E P A V Y G G T T H D E L V A L I E R E A A E L G L K A V V R Q S D S E A Q L L D W I H Q A A D A A E P V I L N A G G L T H T S V A L R D A C A E L S A P L I E V H I S N V H A R E E F R R H S Y L S P I A T G V I V G L G I Q G Y L L A L R Y L A E H V E L I V N V I N G P N L G R L G R R E P A V Y G G T T H D E L V A L I E R E A A E L G L K A V V R Q S D S E A Q L L D W I H Q A A D A A E P V I L N A G G L T H T S V A L R D A C A E L S A P L I E V H I S N V H A R E E F R R H S Y L S P I A T G V I V G L G I Q G Y L L A L R Y L A E H V E L I V N V I N G P N L G R L G R R E P A V Y G G T T H D E L V A L I E R E A A E L G L K A V V R Q S D S E A Q L L D W I H Q A A D A A E P V I L N A G G L T H T S V A L R D A C A E L S A P L I E V H I S N V H A R E E F R R H S Y L S P I A T G V I V G L G I Q G Y L L A L R Y L A E H V E L I V N V I N G P N L G R L G R R E P A V Y G G T T H D E L V A L I E R E A A E L G L K A V V R Q S D S E A Q L L D W I H Q A A D A A E P V I L N A G G L T H T S V A L R D A C A E L S A P L I E V H I S N V H A R E E F R R H S Y L S P I A T G V I V G L G I Q G Y L L A L R Y L A E H V E L I V N V I N G P N L G R L G R R E P A V Y G G T T H D E L V A L I E R E A A E L G L K A V V R Q S D S E A Q L L D W I H Q A A D A A E P V I L N A G G L T H T S V A L R D A C A E L S A P L I E V H I S N V H A R E E F R R H S Y L S P I A T G V I V G L G I Q G Y L L A L R Y L A E H V E L I V N V I N G P N L G R L G R R E P A V Y G G T T H D E L V A L I E R E A A E L G L K A V V R Q S D S E A Q L L D W I H Q A A D A A E P V I L N A G G L T H T S V A L R D A C A E L S A P L I E V H I S N V H A R E E F R R H S Y L S P I A T G V I V G L G I Q G Y L L A L R Y L A E H V E L I V N V I N G P N L G R L G R R E P A V Y G G T T H D E L V A L I E R E A A E L G L K A V V R Q S D S E A Q L L D W I H Q A A D A A E P V I L N A G G L T H T S V A L R D A C A E L S A P L I E V H I S N V H A R E E F R R H S Y L S P I A T G V I V G L G I Q G Y L L A L R Y L A E H V E L I V N V I N G P N L G R L G R R E P A V Y G G T T H D E L V A L I E R E A A E L G L K A V V R Q S D S E A Q L L D W I H Q A A D A A E P V I L N A G G L T H T S V A L R D A C A E L S A P L I E V H I S N V H A R E E F R R H S Y L S P I A T G V I V G L G I Q G Y L L A L R Y L A E H V E L I V N V I N G P N L G R L G R R E P A V Y G G T T H D E L V A L I E R E A A E L G L K A V V R Q S D S E A Q L L D W I H Q A A D A A E P V I L N A G G L T H T S V A L R D A C A E L S A P L I E V H I S N V H A R E E F R R H S Y L S P I A T G V I V G L G I Q G Y L L A L R Y L A E H V E L I V N V I N G P N L G R L G R R E P A V Y G G T T H D E L V A L I E R E A A E L G L K A V V R Q S D S E A Q L L D W I H Q A A D A A E P V I L N A G G L T H T S V A L R D A C A E L S A P L I E V H I S N V H A R E E F R R H S Y L S P I A T G V I V G L G I Q G Y L L A L R Y L A E H V E L I V N V I N G P N L G R L G R R E P A V Y G G T T H D E L V A L I E R E A A E L G L K A V V R Q S D S E A Q L L D W I H Q A A D A A E P V I L N A G G L T H T S V A L R D A C A E L S A P L I E V H I S N V H A R E E F R R H S Y L S P I A T G V I V G L G I Q G Y L L A L R Y L A E H V </s> N G P N L G R L G R R E P V Y G T H Q D L N A G G L T H E V H I S N V H R E F R R H I V G L G I Y H V A L R D A A E </s> O = C ( [ O - ] ) [ C @ ] 1 ( O ) C = C ( / C = C / C O c 2 c c c c c 2 ) [ C @ @ H ] ( O ) [ C @ H ] ( O ) C 1
3n7a,L I V N V I N G P N L G R L G R R E P A V Y G G T T H D E L V A L I E R E A A E L G L K A V V R Q S D S E A Q L L D W I H Q A A D A A E P V I L N A G G L T H T S V A L R D A C A E L S A P L I E V H I S N V H A R E E F R R H S Y L S P I A T G V I V G L G I Q G Y L L A L R Y L A E H L I V N V I N G P N L G R L G R R E P A V Y G G T T H D E L V A L I E R E A A E L G L K A V V R Q S D S E A Q L L D W I H Q A A D A A E P V I L N A G G L T H T S V A L R D A C A E L S A P L I E V H I S N V H A R E E F R R H S Y L S P I A T G V I V G L G I Q G Y L L A L R Y L A E H L I V N V I N G P N L G R L G R R E V Y G G T T H D E L V A L I E R E A A E L G L K A V V R Q S D S E A Q L L D W I H Q A A D A A E P V I L N A G G L T H T S V A L R D A C A E L S A P L I E V H I S N V H A R E E F R R H S Y L S P I A T G V I V G L G I Q G Y L L A L R Y L A E H L I V N V I N G P N L G R L G R R E P A V Y G G T T H D E L V A L I E R E A A E L G L K A V V R Q S D S E A Q L L D W I H Q A A D A A E P V I L N A G G L T H T S V A L R D A C A E L S A P L I E V H I S N V H A R E E F R R H S Y L S P I A T G V I V G L G I Q G Y L L A L R Y L A E H L I V N V I N G P N L G R L G R R E P A V Y G G T T H D E L V A L I E R E A A E L G L K A V V R Q S D S E A Q L L D W I H Q A A D A A E P V I L N A G G L T H T S V A L R D A C A E L S A P L I E V H I S N V H A R E E F R R H S Y L S P I A T G V I V G L G I Q G Y L L A L R Y L A E H L I V N V I N G P N L G R L G R R E G G T T H D E L V A L I E R E A A E L G L K A V V R Q S D S E A Q L L D W I H Q A A D A A E P V I L N A G G L T H T S V A L R D A C A E L S A P L I E V H I S N V H A R E E F R R H S Y L S P I A T G V I V G L G I Q G Y L L A L R Y L A E H L I V N V I N G P N L G R L G R R E P A V Y G G T T H D E L V A L I E R E A A E L G L K A V V R Q S D S E A Q L L D W I H Q A A D A A E P V I L N A G G L T H T S V A L R D A C A E L S A P L I E V H I S N V H A R E E F R R H S Y L S P I A T G V I V G L G I Q G Y L L A L R Y L A E H L I V N V I N G P N L G R L G R R E P A V Y G G T T H D E L V A L I E R E A A E L G L K A V V R Q S D S E A Q L L D W I H Q A A D A A E P V I L N A G G L T H T S V A L R D A C A E L S A P L I E V H I S N V H A R E E F R R H S Y L S P I A T G V I V G L G I Q G Y L L A L R Y L A E H L I V N V I N G P N L G R L G R R E P A V Y G G T T H D E L V A L I E R E A A E L G L K A V V R Q S D S E A Q L L D W I H Q A A D A A E P V I L N A G G L T H T S V A L R D A C A E L S A P L I E V H I S N V H A R E E F R R H S Y L S P I A T G V I V G L G I Q G Y L L A L R Y L A E H L I V N V I N G P N L G R L G R R E P A V Y G G T T H D E L V A L I E R E A A E L G L K A V V R Q S D S E A Q L L D W I H Q A A D A A E P V I L N A G G L T H T S V A L R D A C A E L S A P L I E V H I S N V H A R E E F R R H S Y L S P I A T G V I V G L G I Q G Y L L A L R Y L A E H L I V N V I N G P N L G R L G R R E P A V Y G G T T H D E L V A L I E R E A A E L G L K A V V R Q S D S E A Q L L D W I H Q A A D A A E P V I L N A G G L T H T S V A L R D A C A E L S A P L I E V H I S N V H A R E E F R R H S Y L S P I A T G V I V G L G I Q G Y L L A L R Y L A E H L I V N V I N G P N L G R L G R R E P A V Y G G T T H D E L V A L I E R E A A E L G L K A V V R Q S D S E A Q L L D W I H Q A A D A A E P V I L N A G G L T H T S V A L R D A C A E L S A P L I E V H I S N V H A R E E F R R H S Y L S P I A T G V I V G L G I Q G Y L L A L R Y L A E H </s> N G P N L L V Y L N A G G L T H E V H I S N V H R E F R R H I V G L G I Y V A L R D A </s> O = C ( [ O - ] ) [ C @ ] 1 ( O ) C = C [ C @ @ H ] ( O ) [ C @ H ] ( O ) C 1
3n86,L I V N V I N G P N L G R L G R R E P A V Y G G T T H D E L V A L I E R E A A E L G L K A V V R Q S D S E A Q L L D W I H Q A A D A A E P V I L N A G G L T H T S V A L R D A C A E L S A P L I E V H I S N V H A R E E F R R H S Y L S P I A T G V I V G L G I Q G Y L L A L R Y L A E H L I V N V I N G P N L G R L G R R E P A V Y G G T T H D E L V A L I E R E A A E L G L K A V V R Q S D S E A Q L L D W I H Q A A D A A E P V I L N A G G L T H T S V A L R D A C A E L S A P L I E V H I S N V H A R E E F R R H S Y L S P I A T G V I V G L G I Q G Y L L A L R Y L A E H L I V N V I N G P N L G R L G R R E P A V Y G G T T H D E L V A L I E R E A A E L G L K A V V R Q S D S E A Q L L D W I H Q A A D A A E P V I L N A G G L T H T S V A L R D A C A E L S A P L I E V H I S N V H A R E E F R R H S Y L S P I A T G V I V G L G I Q G Y L L A L R Y L A E H L I V N V I N G P N L G R L G R R E P A V Y G G T T H D E L V A L I E R E A A E L G L K A V V R Q S D S E A Q L L D W I H Q A A D A A E P V I L N A G G L T H T S V A L R D A C A E L S A P L I E V H I S N V H A R E E F R R H S Y L S P I A T G V I V G L G I Q G Y L L A L R Y L A E H L I V N V I N G P N L G R L G R R E P A V Y G G T T H D E L V A L I E R E A A E L G L K A V V R Q S D S E A Q L L D W I H Q A A D A A E P V I L N A G G L T H T S V A L R D A C A E L S A P L I E V H I S N V H A R E E F R R H S Y L S P I A T G V I V G L G I Q G Y L L A L R Y L A E H L I V N V I N G P N L G R L G R R E P A V Y G G T T H D E L V A L I E R E A A E L G L K A V V R Q S D S E A Q L L D W I H Q A A D A A E P V I L N A G G L T H T S V A L R D A C A E L S A P L I E V H I S N V H A R E E F R R H S Y L S P I A T G V I V G L G I Q G Y L L A L R Y L A E H L I V N V I N G P N L G R L G R R E P A V Y G G T T H D E L V A L I E R E A A E L G L K A V V R Q S D S E A Q L L D W I H Q A A D A A E P V I L N A G G L T H T S V A L R D A C A E L S A P L I E V H I S N V H A R E E F R R H S Y L S P I A T G V I V G L G I Q G Y L L A L R Y L A E H L I V N V I N G P N L G R L G R R E P A V Y G G T T H D E L V A L I E R E A A E L G L K A V V R Q S D S E A Q L L D W I H Q A A D A A E P V I L N A G G L T H T S V A L R D A C A E L S A P L I E V H I S N V H A R E E F R R H S Y L S P I A T G V I V G L G I Q G Y L L A L R Y L A E H L I V N V I N G P N L G R L G R R E P A V Y G G T T H D E L V A L I E R E A A E L G L K A V V R Q S D S E A Q L L D W I H Q A A D A A E P V I L N A G G L T H T S V A L R D A C A E L S A P L I E V H I S N V H A R E E F R R H S Y L S P I A T G V I V G L G I Q G Y L L A L R Y L A E H S E L I V N V I N G P N L G R L G R R E P A V Y G G T T H D E L V A L I E R E A A E L G L K A V V R Q S D S E A Q L L D W I H Q A A D A A E P V I L N A G G L T H T S V A L R D A C A E L S A P L I E V H I S N V H A R E E F R R H S Y L S P I A T G V I V G L G I Q G Y L L A L R Y L A E H E L I V N V I N G P N L G R L G R R E P A V Y G G T T H D E L V A L I E R E A A E L G L K A V V R Q S D S E A Q L L D W I H Q A A D A A E P V I L N A G G L T H T S V A L R D A C A E L S A P L I E V H I S N V H A R E E F R R H S Y L S P I A T G V I V G L G I Q G Y L L A L R Y L A E H L I V N V I N G P N L G R L G R R E P A V Y G G T T H D E L V A L I E R E A A E L G L K A V V R Q S D S E A Q L L D W I H Q A A D A A E P V I L N A G G L T H T S V A L R D A C A E L S A P L I E V H I S N V H A R E E F R R H S Y L S P I A T G V I V G L G I Q G Y L L A L R Y L A E H </s> N G P N L G R L G R R E P V Y G Q D L N A G G L T H E V H I S N V H R E F R R H I V G L G Y L I H A V A L R D A C A E L </s> O = C ( C C C 1 = C [ C @ @ ] ( O ) ( C ( = O ) [ O - ] ) C [ C @ @ H ] ( O ) [ C @ @ H ] 1 O ) N c 1 c c c c c 1
3nq9,L I V T Q T M K G L D I Q K V A G T W Y S L A M A A S D I S L L D A Q S A P L R V Y V E E L K P T P E G D L E I L L Q K W E N G E C A Q K K I I A E K T K I P A V F K I D A L N E N K V L V L D T D Y K K Y L L F C M E N S A E P E Q S L A C Q C L V R T P E V D D E A L E K F D K A L K A L P M H I R L S F N P T Q L E E Q C H I </s> A P L R V Y V L L I L L Q K W E Q K K I I A I A N K V L F C M E A Q </s> C C C C C C C C ( = O ) [ O - ]
3nw9,D T K E Q R I L R Y V Q Q N A K P G D P Q S V L E A I D T Y C T Q K E W A M N V G D A K G Q I M D A V I R E Y S P S L V L E L G A Y C G Y S A V R M A R L L Q P G A R L L T M E M N P D Y A A I T Q Q M L N F A G L Q D K V T I L N G A S Q D L I P Q L K K K Y D V D T L D M V F L D H W K D R Y L P D T L L L E K C G L L R K G T V L L A D N V I V P G T P D F L A Y V R G S S S F E C T H Y S S Y L E Y M K V V D G L E K A I Y Q G P </s> K E W A M N V G K E L G A Y C G T M E M N P D Y A T L N G A S Q D L I F L D H W K D R Y D D N V V P G Y L E M V D </s> C c 1 n c n c 2 c 1 n c n 2 [ C @ @ H ] 1 O [ C @ H ] ( / C = C / C N C ( = O ) c 2 c c ( - c 3 c c c ( F ) c c 3 ) c c ( O ) c 2 O ) [ C @ @ H ] ( O ) [ C @ H ] 1 O
3nx7,G P V W R K H Y I T Y R I N N Y T P D M N R E D V D Y A I R K A F Q V W S N V T P L K F S K I N T G M A D I L V V F A R G A H G D D H A F D G K G G I L A H A F G P G S G I G G D A H F D E D E F W T T H S G G T N L F L T A V H E I G H S L G L G H S S D P K A V M F P T Y K Y V D I N T F R L S A D D I R G I Q S L Y G </s> F D G G I L A H A F H F D E W T N L F L T A V H E I G H S L G H S A V M F P T Y K Y V F </s> C O c 1 c c c ( S ( = O ) ( = O ) N ( C C O ) C C ( = O ) N O ) c c 1
3o9i,P Q I T L W K R P L V T I R I G G Q L K E A L L D T G A D D T V L E E M N L P G K W K P K M I G G I G G F I K V R Q Y D Q I P I E I C G H K A I G T V L V G P T P V N I I G R N L L T Q I G C T L N F P Q I T L W K R P L V T I R I G G Q L K E A L L D T G A D D T V L E E M N L P G K W K P K M I G G I G G F I K V R Q Y D Q I P I E I C G H K A I G T V L V G P T P V N I I G R N L L T Q I G C T L N F </s> R L L D T G A D D T V I G G I G G I L P T P V N I I G R N K M F V </s> C C C ( C C ) C N ( C [ C @ @ H ] ( O ) [ C @ H ] ( C c 1 c c c c c 1 ) N C ( = O ) O [ C @ H ] 1 C O [ C @ H ] 2 O C C [ C @ H ] 2 1 ) S ( = O ) ( = O ) c 1 c c c 2 n c s c 2 c 1
3oe4,D T K E Q R I L R Y V Q Q N A K P G D P Q S V L E A I D T Y C T Q K E W A M N V G D A K G Q I M D A V I R E Y S P S L V L E L G A Y C G Y S A V R M A R L L Q P G A R L L T M E I N P D C A A I T Q Q M L N F A G L Q D K V T I L N G A S Q D L I P Q L K K K Y D V D T L D M V F L D H W K D R Y L P D T L L L E K C G L L R K G T V L L A D N V I V P G T P D F L A Y V R G S S S F E C T H Y S S Y L E Y M K V V D G L E K A I Y Q G P </s> E W A M N V G K E L G A Y C G T M E I N P D C A T L N G A S Q D L I F L D H W K D R Y D D N V V P G L E M </s> O = C ( N C / C = C / [ C @ H ] 1 O [ C @ @ H ] ( n 2 c n c 3 c n c n c 3 2 ) [ C @ H ] ( O ) [ C @ @ H ] 1 O ) c 1 c c ( [ N + ] ( = O ) [ O - ] ) c c ( O ) c 1 O
3oe5,D T K E Q R I L R Y V Q Q N A K P G D P Q S V L E A I D T Y C T Q K E W A M N V G D A K G Q I M D A V I R E Y S P S L V L E L G A Y C G Y S A V R M A R L L Q P G A R L L T M E I N P D C A A I T Q Q M L N F A G L Q D K V T I L N G A S Q D L I P Q L K K K Y D V D T L D M V F L D H W K D R Y L P D T L L L E K C G L L R K G T V L L A D N V I V P G T P D F L A Y V R G S S S F E C T H Y S S Y L E Y M K V V D G L E K A I Y Q G P </s> E W A M N V G K E L G A Y C G T M E I N P D C A T L N G A S Q D L I F L D H W K D R Y D D N V V P G L E Y M </s> O = C ( N C / C = C / [ C @ H ] 1 O [ C @ @ H ] ( S c 2 c c n c c 2 ) [ C @ H ] ( O ) [ C @ @ H ] 1 O ) c 1 c c ( [ N + ] ( = O ) [ O - ] ) c c ( O ) c 1 O
3ozs,D T K E Q R I L R Y V Q Q N A K P G D P Q S V L E A I D T Y C T Q K E W A M N V G D A K G Q I M D A V I R E Y S P S L V L E L G A Y C G Y S A V R M A R L L Q P G A R L L T M E I N P D C A A I T Q Q M L N F A G L Q D K V T I L N G A S Q D L I P Q L K K K Y D V D T L D M V F L D H W K D R Y L P D T L L L E K C G L L R K G T V L L A D N V I V P G T P D F L A Y V R G S S S F E C T H Y S S Y L E Y M K V V D G L E K A I Y Q G P </s> E W A M N V G K L E L G A Y C G T M E I N P D C A T L N G A S Q D L I F L D H W K D R Y D D N V V P G Y L E M </s> O = C ( N C / C = C / [ C @ H ] 1 O [ C @ @ H ] ( n 2 c n c ( C ( F ) ( F ) F ) c 2 ) [ C @ H ] ( O ) [ C @ @ H ] 1 O ) c 1 c c ( [ N + ] ( = O ) [ O - ] ) c c ( O ) c 1 O
3ozt,D T K E Q R I L R Y V Q Q N A K P G D P Q S V L E A I D T Y C T Q K E W A M N V G D A K G Q I M D A V I R E Y S P S L V L E L G A Y C G Y S A V R M A R L L Q P G A R L L T M E I N P D C A A I T Q Q M L N F A G L Q D K V T I L N G A S Q D L I P Q L K K K Y D V D T L D M V F L D H W K D R Y L P D T L L L E K C G L L R K G T V L L A D N V I V P G T P D F L A Y V R G S S S F E C T H Y S S Y L E Y M K V V D G L E K A I Y Q G P </s> E W A M N V G K E L G A Y C G T M E I N P D C A T L N G A S Q D L I F L D H W K D R Y D D N V V P G L E M </s> O = C ( N C / C = C / [ C @ H ] 1 O [ C @ @ H ] ( n 2 c c c ( = O ) c c 2 ) [ C @ H ] ( O ) [ C @ @ H ] 1 O ) c 1 c c ( [ N + ] ( = O ) [ O - ] ) c c ( O ) c 1 O
3p5o,S M N P P P P E T S N P N K P K R Q T N Q L Q Y L L R V V L K T L W K H Q F A W P F Q Q P V D A V K L N L P D Y Y K I I K T P M D M G T I K K R L E N N Y Y W N A Q E C I Q D F N T M F T N C Y I Y N K P G D D I V L M A E A L E K L F L Q K I N E L P T E E </s> F A W P F Q Q P V D A K L N L D Y Y I M D M M F N C Y Y N K D D I V L M A </s> C C N C ( = O ) C [ C @ @ H ] 1 N = C ( c 2 c c c ( C l ) c c 2 ) c 2 c c ( O C ) c c c 2 - n 2 c ( C ) n n c 2 1
3prs,S T G S A T T T P I D S L D D A Y I T P V Q I G T P A Q T L N L D F D T G S S D L W V F S S E T T A S E V D G Q T I Y T P S K S T T A K L L S G A T W S I S Y G D G S S S S G D V Y T D T V S V G G L T V T G Q A V E S A K K V S S S F T E D S T I D G L L G L A F S T L N T V S P T Q Q K T F F D N A K A S L D S P V F T A D L G Y H A P G T Y N F G F I D T T A Y T G S I T Y T A V S T K Q G F W E W T S T G Y A V G S G T F K S T S I D G I A D T G T T L L Y L P A T V V S A Y W A Q V S G A K S S S S V G G Y V F P C S A T L P S F T F G V G S A R I V I P G D Y I D F G P I S T G S S S C F G G I Q S S A G I G I N I F G D V A L K A A F V V F N G A T T P T L G F A S K </s> I D L D D A Y D F D T G S S D W S I S Y G D G S S S F E D S T I G L L L A F T L N T Q Q G F I A D T G T T L Y F G I G I N I G D </s> C C ( C ) c 1 n c ( C N ( C ) C ( = O ) N [ C @ H ] ( C ( = O ) N [ C @ @ H ] ( C c 2 c c c c c 2 ) C [ C @ H ] ( O ) [ C @ H ] ( C c 2 c c c c c 2 ) N C ( = O ) O C c 2 c n c s 2 ) C ( C ) C ) c s 1
3pww,S T G S A T T T P I D S L D D A Y I T P V Q I G T P A Q T L N L D F D T G S S D L W V F S S E T T A S E V D G Q T I Y T P S K S T T A K L L S G A T W S I S Y G D G S S S S G D V Y T D T V S V G G L T V T G Q A V E S A K K V S S S F T E D S T I D G L L G L A F S T L N T V S P T Q Q K T F F D N A K A S L D S P V F T A D L G Y H A P G T Y N F G F I D T T A Y T G S I T Y T A V S T K Q G F W E W T S T G Y A V G S G T F K S T S I D G I A D T G T T L L Y L P A T V V S A Y W A Q V S G A K S S S S V G G Y V F P C S A T L P S F T F G V G S A R I V I P G D Y I D F G P I S T G S S S C F G G I Q S S A G I G I N I F G D V A L K A A F V V F N G A T T P T L G F A S K </s> I D L D D A Y D F D T G S S D W S I S Y G D G S S S S S F D T I G L L G L A F L N T Q G F W I A D T G T T L L Y F I G I N I F G D V </s> C C ( C ) ( C ) N C ( = O ) [ C @ @ H ] 1 C [ C @ @ H ] 2 C C C C [ C @ @ H ] 2 C [ N @ @ H + ] 1 C [ C @ @ H ] ( O ) [ C @ H ] ( C c 1 c c c c c 1 ) N C ( = O ) [ C @ H ] ( C C ( N ) = O ) N C ( = O ) c 1 c c c 2 c c c c c 2 n 1
3pxf,S P E F M E N F Q K V E K I G E G T Y G V V Y K A R N K L T G E V V A L K K I R L D T E T E G V P S T A I R E I S L L K E L N H P N I V K L L D V I H T E N K L Y L V F E F L H Q D L K K F M D A S A L T G I P L P L I K S Y L F Q L L Q G L A F C H S H R V L H R D L K P Q N L L I N T E G A I K L A D F G L A R A F G V P V R T Y T H E V V T L W Y R A P E I L L G C K Y Y S T A V D I W S L G C I F A E M V T R R A L F P G D S E I D Q L F R I F R T L G T P D E V V W P G V T S M P D Y K P S F P K W A R Q D F S K V V P P L D E D G R S L L S Q M L H Y D P N K R I S A K A A L A H P F F Q D V T K P V P H L R L </s> Y I R L D V A I I S L K L D V I H T N K L Y L V F L A V P V </s> O = S ( = O ) ( [ O - ] ) c 1 c c c c 2 c c c c ( N c 3 c c c c c 3 ) c 1 2
3pyy,Y D K W E M E R T D I T M K H K L G G G Q Y G E V Y E G V W K K Y S L T V A V K T L K E V E E F L K E A A V M K E I K H P N L V Q L L G V C T R E P P F Y I I T E F M T Y G N L L D Y L R E C N R Q E V N A V V L L Y M A T Q I S S A M E Y L E K K N F I H R D L A A R N C L V G E N H L V K V A D F G L S R L M T G D T Y T A H A G A K F P I K W T A P E S L A Y N K F S I K S D V W A F G V L L W E I A T Y G M S P Y P G I D L S Q V Y E L L E K D Y R M E R P E G C P E K V Y E L M R A C W Q W N P S D R P S F A E I H Q A F E T M F Q E S </s> R V N A V V L L Y M A T I F G V L L W E I A T Y R P E G C P E V Y M F M F E S </s> O = C 1 N C ( = O ) [ C @ @ H ] ( c 2 c n ( - c 3 c c c c c 3 ) n c 2 - c 2 c c c ( F ) c c 2 ) N 1
3qgy,H M V I D P S E L T F V Q E I G S G Q F G L V H L G Y W L N K D K V A I K T I K E G S M S E D D F I E E A E V M M K L S H P K L V Q L Y G V C L E Q A P I C L V F E F M E H G C L S D Y L R T Q R G L F A A E T L L G M C L D V C E G M A Y L E E A C V I H R D L A A R N C L V G E N Q V I K V S D F G P V K W A S P E V F S F S R Y S S K S D V W S F G V L M W E V F S E G K I P Y E N R S N S E V V E D I S T G F R L Y K P R L A S T H V Y Q I M N H C W K E R P E D R P A F S R L L R Q L A E I A E S </s> E I G S G F G L V H L G K V A I K T M V Q L L V F E F M E H G C L S D Y R N C L V G V S D </s> N S ( = O ) ( = O ) c 1 c c c c ( N c 2 n c c 3 c c c 4 s c ( - c 5 c c c c c 5 ) c c 4 c 3 n 2 ) c 1
3qqs,P S W P Q I L G R L T D N R D L A R G Q A A W A M D Q I M T G N A R P A Q I A A F A V A M T M K A P T A D E V G E L A G V M L S H A H P L P A D T V P D D A V D V V G T G G D G V N T V N L S T M A A I V V A A A G V P V V K H G N R A A S S L S G G A D T L E A L G V R I D L G P D L V A R S L A E V G I G F C F A P R F H P S Y R H A A A V R R E I G V P T V F N L L G P L T N P A R P R A G L I G C A F A D L A E V M A G V F A A R R S S V L V V H G D D G L D E L T T T T T S T I W R V A A G S V D K L T F D P A G F G F A R A Q L D Q L A G G D A Q A N A A A V R A V L G G A R G P V R D A V V L N A A G A I V A H A G L S S R A E W L P A W E E G L R R A S A A I D T G A A E Q L L A R W V R F G R Q I </s> M M T H G N R A A F A P R F H P S Y R H A A A V R R T F N L L G P L T N P </s> O = C ( [ O - ] ) c 1 c c c c c 1 N c 1 c c c c c 1 C ( = O ) [ O - ]
3r88,P S W P Q I L G R L T D N R D L A R G Q A A W A M D Q I M T G N A R P A Q I A A F A V A M T M K A P T A D E V G E L A G V M L S H A H P L P A D T V P D D A V D V V G T G G D G V N T V N L S T M A A I V V A A A G V P V V K H G N R A A S S L S G G A D T L E A L G V R I D L G P D L V A R S L A E V G I G F C F A P R F H P S Y R H A A A V R R E I G V P T V F N L L G P L T N P A R P R A G L I G C A F A D L A E V M A G V F A A R R S S V L V V H G D D G L D E L T T T T T S T I W R V A A G S V D K L T F D P A G F G F A R A Q L D Q L A G G D A Q A N A A A V R A V L G G A R G P V R D A V V L N A A G A I V A H A G L S A E W L P A W E E G L R R A S A A I D T G A A E Q L L A R W V R F G R Q I P S W P Q I L G R L T D N R D L A R G Q A A W A M D Q I M T G N A R P A Q I A A F A V A M T M K A P T A D E V G E L A G V M L S H A H P L P A D T V P D D A V D V V G T G G D G V N T V N L S T M A A I V V A A A G V P V V K H G N R A A S S L S G G A D T L E A L G V R I D L G P D L V A R S L A E V G I G F C F A P R F H P S Y R H A A A V R R E I G V P T V F N L L G P L T N P A R P R A G L I G C A F A D L A E V M A G V F A A R R S S V L V V H G D D G L D E L T T T T T S T I W R V A A G S V D K L T F D P A G F G F A R A Q L D Q L A G G D A Q A N A A A V R A V L G G A R G P V R D A V V L N A A G A I V A H A G L S A E W L P A W E E G L R R A S A A I D T G A A E Q L L A R W V R F G R Q I </s> M M H G N R A A F A P R F H P S Y R H A A A R R F L G T </s> C O c 1 c c ( N ) c ( C ( = O ) [ O - ] ) c c 1 O C
3rlr,D Q P M E E E E V E T F A F Q A E I A Q L M S L I I N T F Y S N K E I F L R E L I S N S S D A L D K I R Y E S L T D P S K L D S G K E L H I N L I P N K Q D R T L T I V D T G I G M T K A D L I N N L G T I A K S G T K A F M E A L Q A G A D I S M I G Q F G V G F Y S A Y L V A E K V T V I T K H N D D E Q Y A W E S S A G G S F T V R T D T G E P M G R G T K V I L H L K E D Q T E Y L E E R R I K E I V K K H S Q F I G Y P I T L F V E K E L E </s> I F L E L I S N S S D A L K I I N T I V D T G I G M T D L N N L G K G F G V G F Y S A V T V I T K H W G T K V I L </s> C O c 1 c c ( - c 2 n c ( C ) n c 3 [ n H ] c ( C ) c ( C # N ) c 2 3 ) c ( C l ) c c 1 C l
3rr4,R P R F S F S I A A R E G K A R T G T I E M K R G V I R T P A F M P V G T A A T V K A L K P E T V R A T G A D I I L G N T Y H L M L R P G A E R I A K L G G L H S F M G W D R P I L T D S G G Y Q V M S L S L T K Q S E E G V T F K S H S R H M L S P E R S I E I Q H L L G S D I V M A F D E C T P Y P A T P S R A A S S M E R S M R W A K R S R D A F D S R K E Q A E N A A L F G I Q Q G S V F E N L R Q Q S A D A L A E I G F D G Y A V G G L A V G E G Q D E M F R V L D F S V P M L P D D K P H Y L M G V G K P D D I V G A V E R G I D M F D C V L P T R S G R N G Q A F T W D G P I N I R N A R F S E D L K P L D S E C H C A V C Q K W S R A Y I H H L I R A G E I L G A M L M T E H N I A F Y Q Q L M Q K I R D S I S E G R F S Q F A Q D F R A R Y F R P R F S F S I A A R E G K A R T G T I E M K R G V I R T P A F M P V G T A A T V K A L K P E T V R A T G A D I I L G N T Y H L M L R P G A E R I A K L G G L H S F M G W D R P I L T D S G G Y Q V M S L S L T K Q S E E G V T F K S H S R H M L S P E R S I E I Q H L L G S D I V M A F D E C T P Y P A T P S R A A S S M E R S M R W A K R S R D A F D S R K E Q A E N A A L F G I Q Q G S V F E N L R Q Q S A D A L A E I G F D G Y A V G G L A V G E G Q D E M F R V L D F S V P M L P D D K P H Y L M G V G K P D D I V G A V E R G I D M F D C V L P T R S G R N G Q A F T W D G P I N I R N A R F S E D L K P L D S E C H C A V C Q K W S R A Y I H H L I R A G E I L G A M L M T E H N I A F Y Q Q L M Q K I R D S I S E G R F S Q F A Q D F R A R Y F </s> L N T Y T D S G G Y Q V S S Q M A F D E C T S I Q Q G S R A V G G L A V G E M Y L M G V G D C V L </s> C N c 1 n c 2 c c 3 [ n H ] c ( N C ) n c 3 c c 2 c ( = O ) [ n H ] 1
3rsx,F V E M V D N L R G K S G Q G Y Y V E M T V G S P P Q T L N I L V D T G S S N F A V G A A P H P F L H R Y Y Q R Q L S S T Y R D L R K G V Y V P Y T Q G K W E G E L G T D L V S I P H G P N V T V R A N I A A I T E S D K F F I N G S N W E G I L G L A Y A E I A R P D D S L E P F F D S L V K Q T H V P N L F S L Q L C G A L A S V G G S M I I G G I D H S L Y T G S L W Y T P I R R E W Y Y E V I I V R V E I N G Q D L K M D C K E Y N Y D K S I V D S G T T N L R L P K K V F E A A V K S I K A A S S T E K F P D G F W L G E Q L V C W Q T P W N I F P V I S L Y L M G E V T N Q S F R I T I L P Q Q Y L R P V E D V A T S Q D D C Y K F A I S Q S S T G T V M G A V I M E G F Y V V F D R A R K R I G F A V S A C H V H D E F R T A A V E G P F V T L D M E D C G Y N </s> L V D T G S S N Y V P Y T Q G K W E E S D K F F W I G L R Y I V D S G T T R V </s> N c 1 c c c 2 c c ( - c 3 c c s c 3 ) c c c 2 n 1
3ryj,H W G Y G K H N G P E H W H K D F P I A K G E R Q S P V D I D T H T A K Y D P S L K P L S V S Y D Q A T S L R I L N N G H A F N V E F D D S Q D K A V L K G G P L D G T Y R L I Q F H F H W G S L D G Q G S E H T V D K K K Y A A E L H L V H W N T K Y G D F G K A V Q Q P D G L A V L G I F L K V G S A K P G L Q K V V D V L D S I K T K G K S A D F T N F D P R G L L P E S L D Y W T Y P G S L T T P P L L E C V T W I V L K E P I S V S S E Q V L K F R K L N F N G E G E P E E L M V D N W R P A Q P L K N R Q I K A S F K </s> W Y S P N H A N I Q F H F H E H E L H L V H F G A V Q L A V L G G S L T T P P L L C V W N R </s> N S ( = O ) ( = O ) c 1 c c c ( C ( = O ) N C C ( F ) ( F ) F ) c c 1
3syr,Q I S V R G L A G V E N V T E L K K N F N R H L H F T L V K D R N V A T P R D Y Y F A L A H T V R D H L V G R W I R T Q Q H Y Y E K D P K R I Y Y L S L E F Y M G R T L Q N T M V N L A L E N A C D E A T Y Q L G L D M E E L E E I E E D A G L G N G G L G R L A A C F L D S M A T L G L A A Y G Y G I R Y E F G I F N Q K I C G G W Q M E E A D D W L R Y G N P W E K A R P E F T L P V H F Y G R V E H T S Q G A K W V D T Q V V L A M P Y D T P V P G Y R N N V V N T M R L W S A K A P N D G Y I Q A V L D R N L A E N I S R V L Y P N D N F F E G K E L R L K Q E Y F V V A A T L Q D I I R R F K S S T N F D A F P D K V A I Q L N D T H P S L A I P E L M R V L V D L E R L D W D K A W E V T V K T C A Y T N H T V L P E A L E R W P V H L L E T L L P R H L Q I I Y E I N Q R F L N R V A A A F P G D V D R L R R M S L V E E G A V K R I N M A H L C I A G S H A V N G V A R I H S E I L K K T I F K D F Y E L E P H K F Q N K T N G I T P R R W L V L C N P G L A E I I A E R I G E E Y I S D L D Q L R K L L S Y V D D E A F I R D V A K V K Q E N K L K F A A Y L E R E Y K V H I N P N S L F D V Q V K R I H E Y K R Q L L N C L H V I T L Y N R I K K E P N K F V V P R T V M I G G K A A P G Y H M A K M I I K L I T A I G D V V N H D P V V G D R L R V I F L E N Y R V S L A E K V I P A A D L S E Q I S T A G T E A S G T G N M F M L N G A L T I G T M D G A N V E M A E E A G E E N F F I F G M R V E D V D R L D Q R G Y N A Q E Y Y D R I P E L R Q I I E Q L S S G F F S P K Q P D L F K D I V N M L M H H D R F K V F A D Y E E Y V K C Q E R V S A L Y K N P R E W T R M V I R N I A T S G K F S S D R T I A Q Y A R E I W G V E P S R Q R L P A Q I S V R G L A G V E N V T E L K K N F N R H L H F T L V K D R N V A T P R D Y Y F A L A H T V R D H L V G R W I R T Q Q H Y Y E K D P K R I Y Y L S L E F Y M G R T L Q N T M V N L A L E N A C D E A T Y Q L G L D M E E L E E I E E D A G L G N G G L G R L A A C F L D S M A T L G L A A Y G Y G I R Y E F G I F N Q K I C G G W Q M E E A D D W L R Y G N P W E K A R P E F T L P V H F Y G R V E H T S Q G A K W V D T Q V V L A M P Y D T P V P G Y R N N V V N T M R L W S A K A P N D G Y I Q A V L D R N L A E N I S R V L Y P N D N F F E G K E L R L K Q E Y F V V A A T L Q D I I R R F K S S T N F D A F P D K V A I Q L N D T H P S L A I P E L M R V L V D L E R L D W D K A W E V T V K T C A Y T N H T V L P E A L E R W P V H L L E T L L P R H L Q I I Y E I N Q R F L N R V A A A F P G D V D R L R R M S L V E E G A V K R I N M A H L C I A G S H A V N G V A R I H S E I L K K T I F K D F Y E L E P H K F Q N K T N G I T P R R W L V L C N P G L A E I I A E R I G E E Y I S D L D Q L R K L L S Y V D D E A F I R D V A K V K Q E N K L K F A A Y L E R E Y K V H I N P N S L F D V Q V K R I H E Y K R Q L L N C L H V I T L Y N R I K K E P N K F V V P R T V M I G G K A A P G Y H M A K M I I K L I T A I G D V V N H D P V V G D R L R V I F L E N Y R V S L A E K V I P A A D L S E Q I S T A G T E A S G T G N M F M L N G A L T I G T M D G A N V E M A E E A G E E N F F I F G M R V E D V D R L D Q R G Y N A Q E Y Y D R I P E L R Q I I E Q L S S G F F S P K Q P D L F K D I V N M L M H H D R F K V F A D Y E E Y V K C Q E R V S A L Y K N P R E W T R M V I R N I A T S G K F S S D R T I A Q Y A R E I W G V E P S R Q R L P A </s> Y E N G G L G R L A F N D N F F R N D T H Y T N H T V L A L N G V A H K T N G K R Y K S T E A S G T G N M D G A Y </s> O = c 1 [ n H ] c ( = O ) n ( [ C @ @ H ] 2 O [ C @ H ] ( C O ) [ C @ @ H ] ( O ) [ C @ H ] ( O ) [ C @ H ] 2 O ) c c 1 F
3tsk,M G P V W R K H Y I T Y R I N N Y T P D M N R E D V D Y A I R K A F Q V W S N V T P L K F S K I N T G M A D I L V V F A R G A H G D D H A F D G K G G I L A H A F G P G S G I G G D A H F D E D E F W T T H S G G T N L F L T A V H E I G H S L G L G H S S D P K A V M F P T Y K Y V D I N T F R L S A D D I R G I Q S L Y G </s> F D K G G I L A H A H F D E F W G T N L F L T A V H E H H D P K A V M F P T Y K Y V D I F R L S D </s> N C ( = O ) C C [ C @ H ] ( N C ( = O ) C C c 1 c c c ( - c 2 c c ( - c 3 c c c c c 3 ) c s 2 ) c c 1 ) C ( = O ) N [ C @ @ H ] ( C C C ( = O ) [ O - ] ) C ( N ) = O
3twp,P S W P Q I L G R L T D N R D L A R G Q A A W A M D Q I M T G N A R P A Q I A A F A V A M T M K A P T A D E V G E L A G V M L S H A H P L P A D T V P D D A V D V V G T G G D G V N T V N L S T M A A I V V A A A G V P V V K H G N R A A S S L S G G A D T L E A L G V R I D L G P D L V A R S L A E V G I G F C F A P R F H P S Y R H A A A V R R E I G V P T V F N L L G P L T N P A R P R A G L I G C A F A D L A E V M A G V F A A R R S S V L V V H G D D G L D E L T T T T T S T I W R V A A G S V D K L T F D P A G F G F A R A Q L D Q L A G G D A Q A N A A A V R A V L G G A R G P V R D A V V L N A A G A I V A H A G L S S R A E W L P A W E E G L R R A S A A I D T G A A E Q L L A R W V R F G R Q I </s> M M H G N R A F A P R F H P S Y R H A A A R R G T </s> O = C ( [ O - ] ) c 1 c c c c c 1 O
3u5j,S M N P P P P E T S N P N K P K R Q T N Q L Q Y L L R V V L K T L W K H Q F A W P F Q Q P V D A V K L N L P D Y Y K I I K T P M D M G T I K K R L E N N Y Y W N A Q E C I Q D F N T M F T N C Y I Y N K P G D D I V L M A E A L E K L F L Q K I N E L P T E E </s> F A W P F Q Q P V D A K L L Y Y I M D M M F N C Y Y N K D D I V L M A </s> C c 1 n n c 2 n 1 - c 1 c c c ( C l ) c c 1 C ( c 1 c c c c c 1 ) = N C 2
3u8k,L D R A D I L Y N I R Q T S R P D V I P T Q R D R P V A V S V S L K F I N I L E V N E I T N E V D V V F W Q Q T T W S D R T L A W N S S H S P D Q V S V P I S S L W V P D L A A Y N A I S K P E V L T P Q L A R V V S D G E V L Y M P S I R Q R F S C D V S G V D T E S G A T C R I K I G S W T H H S R E I S V D P T T E N S D D S E Y F S Q Y S R F E I L D V T Q K K N S V T Y S C C P E A Y E D V E V S L N F R K K G R S E I L D R A D I L Y N I R Q T S R P D V I P T Q R D R P V A V S V S L K F I N I L E V N E I T N E V D V V F W Q Q T T W S D R T L A W N S S H S P D Q V S V P I S S L W V P D L A A Y N A I S K P E V L T P Q L A R V V S D G E V L Y M P S I R Q R F S C D V S G V D T E S G A T C R I K I G S W T H H S R E I S V D P T D S E Y F S Q Y S R F E I L D V T Q K K N S V T Y S C C P E A Y E D V E V S L N F R K K G L D R A D I L Y N I R Q T S R P D V I P T Q R D R P V A V S V S L K F I N I L E V N E I T N E V D V V F W Q Q T T W S D R T L A W N S S H S P D Q V S V P I S S L W V P D L A A Y N A I S K P E V L T P Q L A R V V S D G E V L Y M P S I R Q R F S C D V S G V D T E S G A T C R I K I G S W T H H S R E I S V D P T T E D D S E Y F S Q Y S R F E I L D V T Q K K N S V T Y S C C P E A Y E D V E V S L N F R K K G L D R A D I L Y N I R Q T S R P D V I P T Q R D R P V A V S V S L K F I N I L E V N E I T N E V D V V F W Q Q T T W S D R T L A W N S S H S P D Q V S V P I S S L W V P D L A A Y N A I S K P E V L T P Q L A R V V S D G E V L Y M P S I R Q R F S C D V S G V D T E S G A T C R I K I G S W T H H S R E I S V D P T D S E Y F S Q Y S R F E I L D V T Q K K N S V T Y S C C P E A Y E D V E V S L N F R K K G R S E L D R A D I L Y N I R Q T S R P D V I P T Q R D R P V A V S V S L K F I N I L E V N E I T N E V D V V F W Q Q T T W S D R T L A W N S S H S P D Q V S V P I S S L W V P D L A A Y N A I S K P E V L T P Q L A R V V S D G E V L Y M P S I R Q R F S C D V S G V D T E S G A T C R I K I G S W T H H S R E I S V D P T S D D S E Y F S Q Y S R F E I L D V T Q K K N S V T Y S C C P E A Y E D V E V S L N F R K K </s> D A Y K G S W T H H V T Y S C C P E A Y E W Q Q T Q V S V T P L A R V V V L Y M P S Y </s> C C O c 1 c n c c ( N 2 C C C [ N H 2 + ] C C 2 ) c 1
3u8n,L D R A D I L Y N I R Q T S R P D V I P T Q R D R P V A V S V S L K F I N I L E V N E I T N E V D V V F W Q Q T T W S D R T L A W N S S H S P D Q V S V P I S S L W V P D L A A Y N A I S K P E V L T P Q L A R V V S D G E V L Y M P S I R Q R F S C D V S G V D T E S G A T C R I K I G S W T H H S R E I S V D P T T D D S E Y F S Q Y S R F E I L D V T Q K K N S V T Y S C C P E A Y E D V E V S L N F R K K G L D R A D I L Y N I R Q T S R P D V I P T Q R D R P V A V S V S L K F I N I L E V N E I T N E V D V V F W Q Q T T W S D R T L A W N S S H S P D Q V S V P I S S L W V P D L A A Y N A I S K P E V L T P Q L A R V V S D G E V L Y M P S I R Q R F S C D V S G V D T E S G A T C R I K I G S W T H H S R E I S V D P T N S D D S E Y F S Q Y S R F E I L D V T Q K K N S V T Y S C C P E A Y E D V E V S L N F R K K G L D R A D I L Y N I R Q T S R P D V I P T Q R D R P V A V S V S L K F I N I L E V N E I T N E V D V V F W Q Q T T W S D R T L A W N S S H S P D Q V S V P I S S L W V P D L A A Y N A I S K P E V L T P Q L A R V V S D G E V L Y M P S I R Q R F S C D V S G V D T E S G A T C R I K I G S W T H H S R E I S V D P T T E N S D D S E Y F S Q Y S R F E I L D V T Q K K N S V T Y S C C P E A Y E D V E V S L N F R K K L D R A D I L Y N I R Q T S R P D V I P T Q R D R P V A V S V S L K F I N I L E V N E I T N E V D V V F W Q Q T T W S D R T L A W N S S H S P D Q V S V P I S S L W V P D L A A Y N A I S K P E V L T P Q L A R V V S D G E V L Y M P S I R Q R F S C D V S G V D T E S G A T C R I K I G S W T H H S R E I S V D P T T E N S D D S E Y F S Q Y S R F E I L D V T Q K K N S V T Y S C C P E A Y E D V E V S L N F R K K G L D R A D I L Y N I R Q T S R P D V I P T Q R D R P V A V S V S L K F I N I L E V N E I T N E V D V V F W Q Q T T W S D R T L A W N S S H S P D Q V S V P I S S L W V P D L A A Y N A I S K P E V L T P Q L A R V V S D G E V L Y M P S I R Q R F S C D V S G V D T E S G A T C R I K I G S W T H H S R E I S V D P T D D S E Y F S Q Y S R F E I L D V T Q K K N S V T Y S C C P E A Y E D V E V S L N F R K K G </s> D A Y K G S W T H H E V T Y S C C P E A Y E W Q Q T Q V S V I T P Q L A R V V V L Y M P S Y </s> C C O c 1 c c ( N 2 C C C [ N H 2 + ] C C 2 ) c n c 1 B r
3u9q,S A D L R A L A K H L Y D S Y I K S F P L T K A K A R A I L T G K T T D K S P F V I Y D M N S L M M G E D K I K E V A I R I F Q G C Q F R S V E A V Q E I T E Y A K S I P G F V N L D L N D Q V T L L K Y G V H E I I Y T M L A S L M N K D G V L I S E G Q G F M T R E F L K S L R K P F G D F M E P K F E F A V K F N A L E L D D S D L A I F I A V I I L S G D R P G L L N V K P I E D I Q D N L L Q A L E L Q L K L N H P E S S Q L F A K L L Q K M T D L R Q I V T E H V Q L L Q V I K K T E T D M S L H P L L Q E I Y K D L </s> V A I R I F Q G C Q F R S V V V H I Y M F L K L R P F G D F M E K H V L I M L H L L I Y </s> C C C C C C C C C C ( = O ) [ O - ]
3udh,F V E M V D N L R G K S G Q G Y Y V E M T V G S P P Q T L N I L V D T G S S N F A V G A A P H P F L H R Y Y Q R Q L S S T Y R D L R K G V Y V P Y T Q G K W E G E L G T D L V S I P H G P N V T V R A N I A A I T E S D K F F I N G S N W E G I L G L A Y A E I A R P D D S L E P F F D S L V K Q T H V P N L F S L Q L C G A S E V L A S V G G S M I I G G I D H S L Y T G S L W Y T P I R R E W Y Y E V I I V R V E I N G Q D L K M D C K E Y N Y D K S I V D S G T T N L R L P K K V F E A A V K S I K A A S S T E K F P D G F W L G E Q L V C W Q A G T T P W N I F P V I S L Y L M G E V T N Q S F R I T I L P Q Q Y L R P V E D V A T S Q D D C Y K F A I S Q S S T G T V M G A V I M E G F Y V V F D R A R K R I G F A V S A C H V H D E F R T A A V E G P F V T L D M E D C G Y N I P Q T D E S R S H H H H </s> Q G L V D T G S S N V P Y T Q G K W D K F F I W G I L G L I Y I V D S G T T R T V </s> O = C 1 N c 2 c c c c c 2 [ C @ ] 1 2 C C [ N H 2 + ] C 2
3ueu,I V T Q T M K G L D I Q K V A G T W Y S L A M A A S D I S L L D A Q S A P L R V Y V E E L K P T P E G D L E I L L Q K W E N G E C A Q K K I I A E K T K I P A V F K I D A L N E N K V L V L D T D Y K K Y L L F C M E N S L A C Q C L V R T P E V D D E A L E K F D K A L K A L P M H I R L S F N P T Q L E E Q C H I I V T Q T M K G L D I Q K V A G T W Y S L A M A A S D I S L L D A Q S A P L R V Y V E E L K P T P E G D L E I L L Q K W E N G E C A Q K K I I A E K T K I P A V F K I D A L N E N K V L V L D T D Y K K Y L L F C M E N S L A C Q C L V R T P E V D D E A L E K F D K A L K A L P M H I R L S F N P T Q L E E Q C H I </s> L I V W S P L R V Y V E E L K L E I L L Q K E K K I A A F I D A L N K V L V L D T L L F C M E A Q L </s> C C C C C C C C C C C C ( = O ) [ O - ]
3uev,L I V T Q T M K G L D I Q K V A G T W Y S L A M A A S D I S L L D A Q S A P L R V Y V E E L K P T P E G D L E I L L Q K W E N G E C A Q K K I I A E K T K I P A V F K I D A L N E N K V L V L D T D Y K K Y L L F C M E N E Q S L A C Q C L V R T P E V D D E A L E K F D K A L K A L P M H I R L S F N P T Q L E E Q C H I L I V T Q T M K G L D I Q K V A G T W Y S L A M A A S D I S L L D A Q S A P L R V Y V E E L K P T P E G D L E I L L Q K W E N G E C A Q K K I I A E K T K I P A V F K I D A L N E N K V L V L D T D Y K K Y L L F C M E N E Q S L A C Q C L V R T P E V D D E A L E K F D K A L K A L P M H I R L S F N P T Q L E E Q C H I </s> L I V W S A P L R V Y V E E L K L E I L L Q K E K K I I A A F I D A N K V L V L D T L L F C M Q L </s> C C C C C C C C C C C C C C ( = O ) [ O - ]
3uew,I V T Q T M K G L D I Q K V A G T W Y S L A M A A S D I S L L D A Q S A P L R V Y V E E L K P T P E G D L E I L L Q K W E N G E C A Q K K I I A E K T K I P A V F K I D A L N E N K V L V L D T D Y K K Y L L F C M E N Q S L A C Q C L V R T P E V D D E A L E K F D K A L K A L P M H I R L S F N P T Q L E E Q C H I I V T Q T M K G L D I Q K V A G T W Y S L A M A A S D I S L L D A Q S A P L R V Y V E E L K P T P E G D L E I L L Q K W E N G E C A Q K K I I A E K T K I P A V F K I D A L N E N K V L V L D T D Y K K Y L L F C M E N Q S L A C Q C L V R T P E V D D E A L E K F D K A L K A L P M H I R L S F N P T Q L E E Q C H I </s> L I V W S S A P L R V Y V E E L K L E I L L Q K W E A K K I A A F I A L N K V L V L D T L L F C M Q L </s> C C C C C C C C C C C C C C C C ( = O ) [ O - ]
3uex,L I V T Q T M K G L D I Q K V A G T W Y S L A M A A S D I S L L D A Q S A P L R V Y V E E L K P T P E G D L E I L L Q K W E N G E C A Q K K I I A E K T K I P A V F K I D A L N E N K V L V L D T D Y K K Y L L F C M E N P E Q S L A C Q C L V R T P E V D D E A L E K F D K A L K A L P M H I R L S F N P T Q L E E Q C H I L I V T Q T M K G L D I Q K V A G T W Y S L A M A A S D I S L L D A Q S A P L R V Y V E E L K P T P E G D L E I L L Q K W E N G E C A Q K K I I A E K T K I P A V F K I D A L N E N K V L V L D T D Y K K Y L L F C M E N P E Q S L A C Q C L V R T P E V D D E A L E K F D K A L K A L P M H I R L S F N P T Q L E E Q C H I </s> L I V A W S S A P L R V Y V E E L K P G D L E I L L Q K W E A K K I A P A V F I D N K V L V L D T L L F C M E A Q L </s> C C C C C C C C C C C C C C C C C C ( = O ) [ O - ]
3ui7,W Q G L M Q F T L P V R L C K E I E L F H F D I G P F E N M W P G I F V Y M V H R S C G T S C F E L E K L C R F I M S V K K N Y R R V P Y H N W K H A V T V A H C M Y A I L Q N N H T L F T D L E R K G L L I A C L C H D L D H R G F S N S Y L Q K F D H P L A A L Y S T S T M E Q H H F S Q T V S I L Q L E G H N I F S T L S S S E Y E Q V L E I I R K A I I A T D L A L Y F G N R K Q L E E M Y Q T G S L N L N N Q S H R D R V I G L M M T A C D L C S V T K L W P V T K L T A N D I Y A E F W A E G D E M K K L G I Q P I P M M D R D K K D E V P Q G Q L G F Y N A V A I P C Y T T L T Q I L P P T E P L L K A C R D N L S Q W E K V I R G E E </s> Y H H D H F S N S E T L A F T C D L C S V T T T A D I Y E F I M M E V Q G Q L G F Y V A Y W </s> C O c 1 c c ( C ) c 2 n c 3 n [ n H ] c ( C ) c 3 c ( C [ N H + ] 3 C C O C C 3 ) c 2 c 1
3uo4,K K R Q W A L E D F E I G R P L G K G K F G N V Y L A R E K Q S K F I L A L K V L F K A Q L E K A G V E H Q L R R E V E I Q S H L R H P N I L R L Y G Y F H D A T R V Y L I L E Y A P L G T V Y R E L Q K L S K F D E Q R T A T Y I T E L A N A L S Y C H S K R V I H R D I K P E N L L L G S A G E L K I A D F G W S V H A P S S R R D T L C G T L D Y L P P E M I E G R M H D E K V D L W S L G V L C Y E F L V G K P P F E A N T Y Q E T Y K R I S R V E F T F P D F V T E G A R D L I S R L L K H N P S Q R P M L R E V L E H P W I T A N S S K </s> R P L G K G K G N V Y L L A L K E Q L R L L E Y A P L G T V Y R H D K P E N L L L G K I A D F G </s> O = C ( [ O - ] ) c 1 c c c ( N c 2 n c c c ( N c 3 c c c c c 3 - c 3 c c c c c 3 ) n 2 ) c c 1
3up2,K K R Q W A L E D F E I G R P L G K G K F G N V Y L A R E K Q S K F I L A L K V L F K A Q L E K A G V E H Q L R R E V E I Q S H L R H P N I L R L Y G Y F H D A T R V Y L I L E Y A P L G T V Y R E L Q K L S K F D E Q R T A T Y I T E L A N A L S Y C H S K R V I H R D I K P E N L L L G S A G E L K I A D F G W S V H A P S S R R D T L C G T L D Y L P P E M I E G R M H D E K V D L W S L G V L C Y E F L V G K P P F E A N T Y Q E T Y K R I S R V E F T F P D F V T E G A R D L I S R L L K H N P S Q R P M L R E V L E H P W I T A N S S K </s> R P L G K G N V Y L L A L K E Q L R L L E Y A P L G T V Y R E K P E N L L L K I A D F G </s> O = C ( [ O - ] ) c 1 c c c ( N c 2 n c c c ( N c 3 c c c c c 3 O C ( F ) ( F ) F ) n 2 ) c c 1
3uri,S T G S A T T T P I D S L D D A Y I T P V Q I G T P A Q T L N L D F D T G S S D L W V F S S E T T A S E V Q T I Y T P S K S T T A K L L S G A T W S I S Y G D G S S S S G D V Y T D T V S V G G L T V T G Q A V E S A K K V S S S F T E D S T I D G L L G L A F S T L N T V S P T Q Q K T F F D N A K A S L D S P V F T A D L G Y H A P G T Y N F G F I D T T A Y T G S I T Y T A V S T K Q G F W E W T S T G Y A V G S G T F K S T S I D G I A D T G T T L L Y L P A T V V S A Y W A Q V S G A K S S S S V G G Y V F P C S A T L P S F T F G V G S A R I V I P G D Y I D F G P I S T G S S S C F G G I Q S S A G I G I N I F G D V A L K A A F V V F N G A T T P T L G F A S K </s> I D L D D A Y I D F D T G S S D W S I S Y G D G S S S S F E D T I G L L A L N T Q G F I A D T G T T L L Y V G F G F G G Q G I G I N I G D V </s> C S C C [ C @ H ] ( [ N H 2 + ] C [ C @ H ] ( C c 1 c c c c c 1 ) N C ( = O ) [ C @ H ] ( C O ) N C ( = O ) [ C @ H ] ( C C ( C ) C ) N C ( = O ) [ C @ H ] ( C c 1 c n c [ n H ] 1 ) N C ( = O ) [ C @ @ H ] 1 C C C [ N H 2 + ] 1 ) C ( = O ) N [ C @ @ H ] ( C ) C ( = O ) N [ C @ @ H ] ( C c 1 c n c [ n H ] 1 ) C ( = O ) [ O - ]
3utu,V E G S D A E I G M S P W Q V M L F R K S P Q E L L C G A S L I S D R W V L T A A H C L L Y P P W D K N F T E N D L L V R I G K H S R T R Y E R N I E K I S M L E K I Y I H P R Y N W R E N L D R D I A L M K L K K P V A F S D Y I H P V C L P D R E T A A S L L Q A G Y K G R V T G W G N L K E G Q P S V L Q V V N L P I V E R P V C K D S T R I R I T D N M F C A G Y K P D E G K R G D A C E G D S G G P F V M K S P F N N R W Y Q M G I V S W G E G C D R D G K Y G F Y T H V F R L K K W I Q K V I D Q F G A D C G L R P L F E K K S L E D K T E R E L L E S Y </s> V C A H C L Y P W K Y N W R E N L D D V N E L S T R I R I M A G D A C E G D S G G I V S W G E G C D R D K Y G F Y </s> C O c 1 c c c ( S ( = O ) ( = O ) N [ C @ @ H ] ( C C ( = O ) N C c 2 c c c ( C # N ) c c 2 ) C ( = O ) N 2 C C C [ C @ H ] 2 C ( = O ) N C c 2 c c c ( C ( N ) = [ N H 2 + ] ) c c 2 ) c c 1 C l
3uuo,P V R L C K E I E L F H F D I G P F E N M W P G I F V Y M V H R S C G T S C F E L E K L C R F I M S V K K N Y R R V P Y H N W K H A V T V A H C M Y A I L Q N N H T L F T D L E R K G L L I A C L C H D L D H R G F S N S Y L Q K F D H P L A A L Y S T S T M E Q H H F S Q T V S I L Q L E G H N I F S T L S S S E Y E Q V L E I I R K A I I A T D L A L Y F G N R K Q L E E M Y Q T G S L N L N N Q S H R D R V I G L M M T A C D L C S V T K L W P V T K L T A N D I Y A E F W A E G D E M K K L G I Q P I P M M D R D K K D E V P Q G Q L G F Y N A V A I P C Y T T L T Q I L P P T E P L L K A C R D N L S Q W E K V I R G E </s> Y H H D H S S T D L A F T D L C S V T T A I Y E F I M M E V P Q G Q L G F Y V A W </s> C O c 1 c c ( C ) c 2 n c 3 [ n H ] n c ( C ) c 3 c ( N 3 C C [ N H 2 + ] C C 3 ) c 2 c 1
3wtj,A A D R A D I L Y N I R Q T S R P D V I P T Q R D R P V A V S V S L K F I N I L E V N E I T N E V D V V F W Q Q T T W S D R T L A W D S S H S P D Q V S V P I S S L W V P D L A A Y N A I S K P E V L T P Q L A R V V S D G E V L Y M P S I R Q R F S C D V S G V D T E S G A T C R I K I G S W T H H S R E I S V D P T T E N S D D S E Y F S Q Y S R F E I L D V T Q K K N S V T Y S C C P E A Y E D V E V S L N F R K K G R S A A D R A D I L Y N I R Q T S R P D V I P T Q R D R P V A V S V S L K F I N I L E V N E I T N E V D V V F W Q Q T T W S D R T L A W D S S H S P D Q V S V P I S S L W V P D L A A Y N A I S K P E V L T P Q L A R V V S D G E V L Y M P S I R Q R F S C D V S G V D T E S G A T C R I K I G S W T H H S R E I S V D P T T E N S D D S E Y F S Q Y S R F E I L D V T Q K K N S V T Y S C C P E A Y E D V E V S L N F R K K G R S </s> D A Y G S W T H H S V T Y S C C P E A Y E D K W Q Q T Q V S V T P Q L A R V V L Y M P S E Y </s> N # C / N = C 1 \ S C C N 1 C c 1 c c c ( C l ) n c 1
3wz8,S T G S A T T T P I D S L D D A Y I T P V Q I G T P A Q T L N L D F D T G S S D L W V F S S E T T A S E V D G Q T I Y T P S K S T T A K L L S G A T W S I S Y G D G S S S S G D V Y T D T V S V G G L T V T G Q A V E S A K K V S S S F T E D S T I D G L L G L A F S T L N T V S P T Q Q K T F F D N A K A S L D S P V F T A D L G Y H A P G T Y N F G F I D T T A Y T G S I T Y T A V S T K Q G F W E W T S T G Y A V G S G T F K S T S I D G I A D T G T T L L Y L P A T V V S A Y W A Q V S G A K S S S S V G G Y V F P C S A T L P S F T F G V G S A R I V I P G D Y I D F G P I S T G S S S C F G G I Q S S A G I G I N I F G D V A L K A A F V V F N G A T T P T L G F A S K </s> I D L D D A Y D F D G S W S Y G D G S S S S F E D S T I G L L F I D T G T T L Y G I G I N I G D </s> O = C ( C C N c 1 c c c c c 1 ) N c 1 s c c ( - c 2 c c c c c 2 ) c 1 C ( = O ) N C c 1 c c c c c 1
3zdg,L D R A D I L Y N I R Q T S R P D V I P T Q R D R P V A V S V S L K F I N I L E V N E I T N E V D V V F W Q Q T T W S D R T L A W N S S H S P D Q V S V P I S S L W V P D L A A Y N A I S K P E V L T P Q L A R V V S D G E V L Y M P S I R Q R F S C D V S G V D T E S G A T C R I K I G S W T H H S R E I S V D P T D S E Y F S Q Y S R F E I L D V T Q K K N S V T Y S C C P E A Y E D V E V S L N F R K K L D R A D I L Y N I R Q T S R P D V I P T Q R D R P V A V S V S L K F I N I L E V N E I T N E V D V V F W Q Q T T W S D R T L A W N S S H S P D Q V S V P I S S L W V P D L A A Y N A I S K P E V L T P Q L A R V V S D G E V L Y M P S I R Q R F S C D V S G V D T E S G A T C R I K I G S W T H H S R E I S V D P T D S E Y F S Q Y S R F E I L D V T Q K K N S V T Y S C C P E A Y E D V E V S L N F R K K L D R A D I L Y N I R Q T S R P D V I P T Q R D R P V A V S V S L K F I N I L E V N E I T N E V D V V F W Q Q T T W S D R T L A W N S S H S P D Q V S V P I S S L W V P D L A A Y N A I S K P E V L T P Q L A R V V S D G E V L Y M P S I R Q R F S C D V S G V D T E S G A T C R I K I G S W T H H S R E I S V D P T D S E Y F S Q Y S R F E I L D V T Q K K N S V T Y S C C P E A Y E D V E V S L N F R K K L D R A D I L Y N I R Q T S R P D V I P T Q R D R P V A V S V S L K F I N I L E V N E I T N E V D V V F W Q Q T T W S D R T L A W N S S H S P D Q V S V P I S S L W V P D L A A Y N A I S K P E V L T P Q L A R V V S D G E V L Y M P S I R Q R F S C D V S G V D T E S G A T C R I K I G S W T H H S R E I S V D P T E Y F S Q Y S R F E I L D V T Q K K N S V T Y S C C P E A Y E D V E V S L N F R K K L D R A D I L Y N I R Q T S R P D V I P T Q R D R P V A V S V S L K F I N I L E V N E I T N E V D V V F W Q Q T T W S D R T L A W N S S H S P D Q V S V P I S S L W V P D L A A Y N A I S K P E V L T P Q L A R V V S D G E V L Y M P S I R Q R F S C D V S G V D T E S G A T C R I K I G S W T H H S R E I S V D P T D S E Y F S Q Y S R F E I L D V T Q K K N S V T Y S C C P E A Y E D V E V S L N F R K K G </s> D A Y K G S W T H H V T Y S C C P E A Y E D I W Q Q T Q V S V T P L A R V V L Y M P S Y </s> C [ C @ H ] ( C C O C ( = O ) N ( C ) C ) [ N H + ] ( C ) C
3zso,S P G I W Q L D C T H L E G K V I L V A V H V A S G Y I E A E V I P A E T G Q E T A Y F L L K L A G R W P V K T V H T D N G S N F T S T T V K A A C W W A G I K Q E D G I P Y N P Q S Q G V I E S M N K E L K K I I G Q V R D Q A E H L K T A V Q M A V F I H N H K R K G Y S A G E R I V D I I A T D I Q T S P G I W Q L D C T H L E G K V I L V A V H V A S G Y I E A E V I P A E T G Q E T A Y F L L K L A G R W P V K T V H T D N G S N F T S T T V K A A C W W A G I K Q E D G I P Y N P Q S Q G V I E S M N K E L K K I I G Q V R D Q A E H L K T A V Q M A V F I H N H K R K G Y S A G E R I V D I I A T D I Q T </s> V R D Q A E H L K T A V Q M T G Q E T A Y F L L K S T T V K A A C W W A </s> C = C C [ N @ H + ] ( C c 1 c c c c c 1 C ( = O ) N C ( c 1 c c c ( O C ) c c 1 ) c 1 c c c ( O C ) c c 1 ) C c 1 c c c 2 c ( c 1 C ( = O ) [ O - ] ) O C O 2
3zsx,S P G I W Q L D C T H L E G K V I L V A V H V A S G Y I E A E V I P A E T G Q E T A Y F L L K L A G R W P V K T V H T D N G S N F T S T T V K A A C W W A G I K Q E D G I P Y N P Q S Q G V I E S M N K E L K K I I G Q V R D Q A E H L K T A V Q M A V F I H N H K R K G Y S A G E R I V D I I A T D I Q S P G I W Q L D C T H L E G K V I L V A V H V A S G Y I E A E V I P A E T G Q E T A Y F L L K L A G R W P V K T V H T D N G S N F T S T T V K A A C W W A G I K Q E D G I P Y N P Q S Q G V I E S M N K E L K K I I G Q V R D Q A E H L K T A V Q M A V F I H N H K R K G Y S A G E R I V D I I A T D I Q </s> V R D Q A E H L K T A V M T G Q E T A Y F L L S T T V K A A C W W A </s> C = C C [ N @ H + ] ( C c 1 c c c c c 1 C ( = O ) N C c 1 c c c c c 1 ) C c 1 c c c 2 c ( c 1 C ( = O ) [ O - ] ) O C O 2
3zt2,S P G I W Q L D C T H L E G K V I L V A V H V A S G Y I E A E V I P A E T G Q E T A Y F L L K L A G R W P V K T V H T D N G S N F T S T T V K A A C W W A G I K Q E D G I P Y N P Q S Q G V I E S M N K E L K K I I G Q V R D Q A E H L K T A V Q M A V F I H N H K R K G Y S A G E R I V D I I A T D I Q S P G I W Q L D C T H L E G K V I L V A V H V A S G Y I E A E V I P A E T G Q E T A Y F L L K L A G R W P V K T V H T D N G S N F T S T T V K A A C W W A G I K Q E D G I P Y N P Q S Q G V I E S M N K E L K K I I G Q V R D Q A E H L K T A V Q M A V F I H N H K R K G Y S A G E R I V D I I A T D I Q </s> V R D Q A E H L K T A V Q M T G Q E T A Y F L L K T T V K A A C W W A </s> O = C 1 C c 2 c c c c c 2 / C 1 = C \ c 1 c c c 2 c ( c 1 C ( = O ) [ O - ] ) O C O 2
4abg,I V G G Y T C G A N T V P Y Q V S L N S G Y H F C G G S L I N S Q W V S A A H C Y K S G I Q V R L G E D N I N V V E G N E Q F I S A S K S I V H P S Y N S N T L N N D I M L I K L K S A A S L N S R V A S I S L P T S C A S A G T Q C L I S G W G N T K S S G T S Y P D V L K C L K A P I L S D S S C K S A Y P G Q I T S N M F C A G Y L E G G K D S C Q G D S G G P V V C S G K L Q G I V S W G S G C A Q K N K P G V Y T K V C N Y V S W I K Q T I A S N </s> I V H L N Y Y A K D S C Q G D S G G I V S W G S G C A Q K P G V Y </s> C [ N H + ] 1 C C N ( c 2 c c c c ( C [ N H 3 + ] ) c 2 ) C C 1
4agn,S V P S Q K T Y Q G S Y G F R L G F L H S G T A K S V T C T Y S P A L N K L F C Q L A K T C P V Q L W V D S T P P P G T R V R A M A I Y K Q S Q H M T E V V R R C P H H E R C S D S D G L A P P Q H L I R V E G N L R A E Y L D D R N T F R H S V V V P C E P P E V G S D C T T I H Y N Y M C Y S S C M G G M N R R P I L T I I T L E D S S G N L L G R D S F E V R V C A C P G R D R R T E E E N L R K K </s> Y F R Q L W V D S T P P P G T R V R P C E P P E S D C T T L </s> C C [ N H + ] ( C C ) C 1 C C [ N H + ] ( C c 2 c c ( C # C C O ) c c ( I ) c 2 O ) C C 1
4agp,S V P S Q K T Y Q G S Y G F R L G F L H S G T A K S V T C T Y S P A L N K L F C Q L A K T C P V Q L W V D S T P P P G T R V R A M A I Y K Q S Q H M T E V V R R C P H H E R C S D S D G L A P P Q H L I R V E G N L R A E Y L D D R N T F R H S V V V P C E P P E V G S D C T T I H Y N Y M C Y S S C M G G M N R R P I L T I I T L E D S S G N L L G R D S F E V R V C A C P G R D R R T E E E N L R K </s> Y F R Q L W V D S T P P P G T R V R P C E P P S D C T T L </s> C C [ N H + ] ( C C ) C 1 C C [ N H + ] ( C c 2 c c ( C # C C O c 3 c c c c c 3 ) c c ( I ) c 2 O ) C C 1
4agq,S V P S Q K T Y Q G S Y G F R L G F L H S G T A K S V T C T Y S P A L N K L F C Q L A K T C P V Q L W V D S T P P P G T R V R A M A I Y K Q S Q H M T E V V R R C P H H E R C S D S D G L A P P Q H L I R V E G N L R A E Y L D D R N T F R H S V V V P C E P P E V G S D C T T I H Y N Y M C Y S S C M G G M N R R P I L T I I T L E D S S G N L L G R D S F E V R V C A C P G R D R R T E E E N L R </s> Y F R Q L W V D S T P P P G T R V R P C E P P E S D C T T L </s> C C [ N H + ] ( C C ) C 1 C C [ N H + ] ( C c 2 c c ( C # C C N c 3 c c c c c 3 ) c c ( I ) c 2 O ) C C 1
4bkt,M D V F L M I R R H K T T I F T D A K E S S T V F E L K R I V E G I L K R P P D E Q R L Y K D D Q L L D D G K T L G E C G F T S Q T A R P Q A P A T V G L A F R A D D T F E A L I E P F S S P P E L P D V M K M Y V K L I S S D G H E F I V K R E H A L T S G T I K A M L S T N E V N F R E I P S H V L S K V C M Y F T Y K V R Y T N S S T E I P E F P I A P E I A L E L L M A A N F L D C V L R S V N S R E P S Q V I F N R S P R V V L P V W L N F D G E P Q P Y P T L P P G T G R R I H S Y R G H L W L F R D A G T H D G L L V N Q T E L F V P S L N V Q P I F A N I T L P V Y T L K E R C L Q V V R S L V K P E N Y R R L D I V R S L Y E D L E D H P N V Q K D L E R L </s> S V N S R E P S V F V W L N F Q Y P R I H S Y R G H L W P </s> C N C ( = O ) [ C @ @ H ] 1 C [ C @ @ H ] ( O ) C N 1 C ( = O ) C c 1 c c ( C ) n o 1
4cig,S P G I W Q L D C T H L E G K V I L V A V H V A S G Y I E A E V I P A E T G Q E T A Y F L L K L A G R W P V K T V H T D N G S N F T S T T V K A A C W W A G I K Q E D G I P Y N P Q S Q G V I E S M N K E L K K I I G Q V R D Q A E H L K T A V Q M A V F I H N H K R G Y S A G E R I V D I I A T D I S P G I W Q L D C T H L E G K V I L V A V H V A S G Y I E A E V I P A E T G Q E T A Y F L L K L A G R W P V K T V H T D N G S N F T S T T V K A A C W W A G I K Q E D G I P Y N P Q S Q G V I E S M N K E L K K I I G Q V R D Q A E H L K T A V Q M A V F I H N H K R G Y S A G E R I V D I I A T D I </s> V R D Q A E H L K T A V Q M T G Q E T A Y F L L K T T V K A A C W W A </s> C O c 1 c c c ( C N C ( = O ) c 2 c c 3 c c c c c 3 c c 2 C [ N @ @ H + ] ( C ) C c 2 c c c c ( O C ) c 2 C ( = O ) [ O - ] ) c c 1
4ciw,L I V N V I N G P N L G R L G R R E P A V Y G G T T H D E L V A L I E R E A A E L G L K A V V R Q S D S E A Q L L D W I H Q A A D A A E P V I L N A G G L T H T S V A L R D A C A E L S A P L I E V H I S N V H A R E E F R R H S Y L S P I A T G V I V G L G I Q G Y L L A L R Y L A E H L I V N V I N G P N L G R L G R R E P A V Y G G T T H D E L V A L I E R E A A E L G L K A V V R Q S D S E A Q L L D W I H Q A A D A A E P V I L N A G G L T H T S V A L R D A C A E L S A P L I E V H I S N V H A R E E F R R H S Y L S P I A T G V I V G L G I Q G Y L L A L R Y L A E H L I V N V I N G P N L G R L G R R E P A V Y G G T T H D E L V A L I E R E A A E L G L K A V V R Q S D S E A Q L L D W I H Q A A D A A E P V I L N A G G L T H T S V A L R D A C A E L S A P L I E V H I S N V H A R E E F R R H S Y L S P I A T G V I V G L G I Q G Y L L A L R Y L A E H L I V N V I N G P N L G R L G R R E P A V Y G G T T H D E L V A L I E R E A A E L G L K A V V R Q S D S E A Q L L D W I H Q A A D A A E P V I L N A G G L T H T S V A L R D A C A E L S A P L I E V H I S N V H A R E E F R R H S Y L S P I A T G V I V G L G I Q G Y L L A L R Y L A E H L I V N V I N G P N L G R L G R R E P A V Y G G T T H D E L V A L I E R E A A E L G L K A V V R Q S D S E A Q L L D W I H Q A A D A A E P V I L N A G G L T H T S V A L R D A C A E L S A P L I E V H I S N V H A R E E F R R H S Y L S P I A T G V I V G L G I Q G Y L L A L R Y L A E H L I V N V I N G P N L G R L G R R E P A V Y G G T T H D E L V A L I E R E A A E L G L K A V V R Q S D S E A Q L L D W I H Q A A D A A E P V I L N A G G L T H T S V A L R D A C A E L S A P L I E V H I S N V H A R E E F R R H S Y L S P I A T G V I V G L G I Q G Y L L A L R Y L A E H L I V N V I N G P N L G R L G R R E P A V Y G G T T H D E L V A L I E R E A A E L G L K A V V R Q S D S E A Q L L D W I H Q A A D A A E P V I L N A G G L T H T S V A L R D A C A E L S A P L I E V H I S N V H A R E E F R R H S Y L S P I A T G V I V G L G I Q G Y L L A L R Y L A E H L I V N V I N G P N L G R L G R R E P A V Y G G T T H D E L V A L I E R E A A E L G L K A V V R Q S D S E A Q L L D W I H Q A A D A A E P V I L N A G G L T H T S V A L R D A C A E L S A P L I E V H I S N V H A R E E F R R H S Y L S P I A T G V I V G L G I Q G Y L L A L R Y L A E H L I V N V I N G P N L G R L G R R E P A V Y G G T T H D E L V A L I E R E A A E L G L K A V V R Q S D S E A Q L L D W I H Q A A D A A E P V I L N A G G L T H T S V A L R D A C A E L S A P L I E V H I S N V H A R E E F R R H S Y L S P I A T G V I V G L G I Q G Y L L A L R Y L A E H L I V N V I N G P N L G R L G R R E P A V Y G G T T H D E L V A L I E R E A A E L G L K A V V R Q S D S E A Q L L D W I H Q A A D A A E P V I L N A G G L T H T S V A L R D A C A E L S A P L I E V H I S N V H A R E E F R R H S Y L S P I A T G V I V G L G I Q G Y L L A L R Y L A E H L I V N V I N G P N L G R L G R R E P A V Y G G T T H D E L V A L I E R E A A E L G L K A V V R Q S D S E A Q L L D W I H Q A A D A A E P V I L N A G G L T H T S V A L R D A C A E L S A P L I E V H I S N V H A R E E F R R H S Y L S P I A T G V I V G L G I Q G Y L L A L R Y L A E H L I V N V I N G P N L G R L G R R E P A V Y G G T T H D E L V A L I E R E A A E L G L K A V V R Q S D S E A Q L L D W I H Q A A D A A E P V I L N A G G L T H T S V A L R D A C A E L S A P L I E V H I S N V H A R E E F R R H S Y L S P I A T G V I V G L G I Q G Y L L A L R Y L A E H </s> N G P N L G R L G R R V Y Q L N A G G L T H E V H I S N V H R E F R R H I V G L G Y H V A L R D A E </s> O = C ( [ O - ] ) [ C @ ] 1 ( O ) C = C ( C C O ) [ C @ @ H ] ( O ) [ C @ H ] ( O ) C 1
4cr9,I V G G T A S V R G E W P W Q V T L H T T S P T Q R H L C G G S I I G N Q W I L T A A H C F Y G V E S P K I L R V Y S G I L N Q A E I A E D T S F F G V Q E I I I H D Q Y K M A E S G Y D I A L L K L E T T V N Y A D S Q R P I S L P S K G D R N V I Y T D C W V T G W G Y R K L R D K I Q N T L Q K A K I P L V T N E E C Q K R Y R G H K I T H K M I C A G Y R E G G K D A C K G D S G G P L S C K H N E V W H L V G I T S W G E G C A Q R E R P G V Y T N V V E Y V D W I L E K T Q A V I V G G T A S V R G E W P W Q V T L H T T S P T Q R H L C G G S I I G N Q W I L T A A H C F Y G V E S P K I L R V Y S G I L N Q A E I A E D T S F F G V Q E I I I H D Q Y K M A E S G Y D I A L L K L E T T V N Y A D S Q R P I S L P S K G D R N V I Y T D C W V T G W G Y R K L R D K I Q N T L Q K A K I P L V T N E E C Q K R Y R G H K I T H K M I C A G Y R E G G K D A C K G D S G G P L S C K H N E V W H L V G I T S W G E G C A Q R E R P G V Y T N V V E Y V D W I L E K T Q A V </s> V C A H A D V Y K L Y A K D A C K G D S G G I T S W G E G C A Q R P G V Y </s> C c 1 c c ( N ) n c 2 c c c ( N ) c c 1 2
4cra,I V G G T A S V R G E W P W Q V T L H T T S P T Q R H L C G G S I I G N Q W I L T A A H C F Y G V E S P K I L R V Y S G I L N Q A E I A E D T S F F G V Q E I I I H D Q Y K M A E S G Y D I A L L K L E T T V N Y A D S Q R P I S L P S K G D R N V I Y T D C W V T G W G Y R K L R D K I Q N T L Q K A K I P L V T N E E C Q K R Y R G H K I T H K M I C A G Y R E G G K D A C K G D S G G P L S C K H N E V W H L V G I T S W G E G C A Q R E R P G V Y T N V V E Y V D W I L E K T Q A V </s> V T L T T Q R H L C G A A H C F Y G V A D V W G Y L R D K I Q I Y A K D A C K G D S G G I T S W G E G C A Q R P G V Y </s> N c 1 c c c 2 c ( C N C ( = O ) [ C @ H ] ( C c 3 c c c c c 3 ) N C ( = O ) c 3 c c c 4 [ n H ] c ( = O ) c c ( O ) c 4 c 3 ) c c c c 2 n 1
4crc,I V G G T A S V R G E W P W Q V T L H T T S P T Q R H L C G G S I I G N Q W I L T A A H C F Y G V E S P K I L R V Y S G I L N Q A E I A E D T S F F G V Q E I I I H D Q Y K M A E S G Y D I A L L K L E T T V N Y A D S Q R P I S L P S K G E R N V I Y T D C W V T G W G Y R K L R D K I Q N T L Q K A K I P L V T N E E C Q K R Y R G H K I T H K M I C A G Y R E G G K D A C K G D S G G P L S C K H N E V W H L V G I T S W G E G C A Q R E R P G V Y T N V V E Y V D W I L E K T Q A </s> I V R H L C G A A H C F Y G V Y A E D V W G Y K L R D K I Q I Y I C A D A C K G D S G G I T S W G E G C A Q R P G V Y T </s> O = C ( / C = C / c 1 c c ( C l ) c c c 1 - n 1 c n n n 1 ) N [ C @ @ H ] ( C c 1 c c c c c 1 ) C ( = O ) N c 1 c c c ( - c 2 n n [ n H ] n 2 ) c c 1
4ddh,I P A F H P G E L N V Y S A P G D V A D V S R A L R L T G R R V M L V P T M G A L H E G H L A L V R A A K R V P G S V V V V S I F V N P M Q F G A G G D L D A Y P R T P D D D L A Q L R A E G V E I A F T P T T A A M Y P D G L R T T V Q P G P L A A E L E G G P R P T H F A G V L T V V L K L L Q I V R P D R V F F G E K D Y Q Q L V L I R Q L V A D F N L D V A V V G V P T V R E A D G L A M S S R N R Y L D P A Q R A A A V A L S A A L T A A A H A A T A G A Q A A L D A A R A V L D A A P G V A V D Y L E L R D I G L G P M P L N G S G R L L V A A R L G T T R L L D N I A I E I G T F A A I P A F H P G E L N V Y S A P G D V A D V S R A L R L T G R R V M L V P T M G A L H E G H L A L V R A A K R V P G S V V V V S I F V N P M Q F P R T P D D D L A Q L R A E G V E I A F T P T T A A M Y P D G L R T T V Q P G P L A A E L E G G P R P T H F A G V L T V V L K L L Q I V R P D R V F F G E K D Y Q Q L V L I R Q L V A D F N L D V A V V G V P T V R E A D G L A M S S R N R Y L D P A Q R A A A V A L S A A L T A A A H A A T A G A Q A A L D A A R A V L D A A P G V A V D Y L E L R D I G L G P M P L N G S G R L L V A A R L G T T R L L D N I A I E I G T </s> V P T M G A L H E G H L A L V Y P F F G E K D Q G V P T V R A M S S R N R L L N </s> C O c 1 c c c 2 c ( C C ( = O ) [ O - ] ) c o c 2 c 1
4ddk,I P A F H P G E L N V Y S A P G D V A D V S R A L R L T G R R V M L V P T M G A L H E G H L A L V R A A K R V P G S V V V V S I F V N P M Q F G A G G D L D A Y P R T P D D D L A Q L R A E G V E I A F T P T T A A M Y P D G L R T T V Q P G P L A A E L E G G P R P T H F A G V L T V V L K L L Q I V R P D R V F F G E K D Y Q Q L V L I R Q L V A D F N L D V A V V G V P T V R E A D G L A M S S R N R Y L D P A Q R A A A V A L S A A L T A A A H A A T A G A Q A A L D A A R A V L D A A P G V A V D Y L E L R D I G L G P M P L N G S G R L L V A A R L G T T R L L D N I A I E I G T F A A I P A F H P G E L N V Y S A P G D V A D V S R A L R L T G R R V M L V P T M G A L H E G H L A L V R A A K R V P G S V V V V S I F V N P M Q F G A Y P R T P D D D L A Q L R A E G V E I A F T P T T A A M Y P D G L R T T V Q P G P L A A E L E G G P R P T H F A G V L T V V L K L L Q I V R P D R V F F G E K D Y Q Q L V L I R Q L V A D F N L D V A V V G V P T V R E A D G L A M S S R N R Y L D P A Q R A A A V A L S A A L T A A A H A A T A G A Q A A L D A A R A V L D A A P G V A V D Y L E L R D I G L G P M P L N G S G R L L V A A R L G T T R L L D N I A I E I G </s> V P T M G A L H E G H L A L V Y F F G E K D Q V G V P T V R L A M S S R N </s> O = C ( [ O - ] ) c 1 c c c 2 c ( c 1 ) O C O 2
4de1,T S A V Q Q K L A A L E K S S G G R L G V A L I D T A D N T Q V L Y R G D E R F P M C S T S K V M A A A A V L K Q S E T Q K Q L L N Q P V E I K P A D L V N Y N P I A E K H V N G T M T L A E L S A A A L Q Y S D N T A M N K L I A Q L G G P G G V T A F A R A I G D E T F R L D R T E P T L N T A I P G D P R D T T T P R A M A Q T L R Q L T L G H A L G E T Q R A Q L V T W L K G N T T G A A S I R A G L P T S W T A G D K T G S G D Y G T T N D I A V I W P Q G R A P L V L V T Y F T Q P Q Q N A E S R R D V L A S A A R I I A E G L </s> M C S T K V N Y N P A L Y S D N T R T E P T L N T A N T G S D K T G S G D Y G T T N D Q S R </s> O = C ( N c 1 c c c c ( - c 2 n n n [ n H ] 2 ) c 1 ) c 1 c c c 2 n [ n H ] c c 2 c 1
4de2,A V Q Q K L A A L E K S S G G R L G V A L I D T A D N T Q V L Y R G D E R F P M C S T S K V M A A A A V L K Q S E T Q K Q L L N Q P V E I K P A D L V N Y N P I A E K H V N G T M T L A E L S A A A L Q Y S D N T A M N K L I A Q L G G P G G V T A F A R A I G D E T F R L D R T E P T L N T A I P G D P R D T T T P R A M A Q T L R Q L T L G H A L G E T Q R A Q L V T W L K G N T T G A A S I R A G L P T S W T A G D K T G S G D Y G T T N D I A V I W P Q G R A P L V L V T Y F T Q P Q Q N A E S R R D V L A S A A R I I A E G L </s> M C S T K V N Y N P A L Y S D N T R T E P T L N T A N T G S D K T G S G D Y G T T N D Q N S R </s> C [ N H + ] ( C ) C c 1 c c c c ( C ( = O ) N c 2 c c c c ( - c 3 n n [ n H ] n 3 ) c 2 ) c 1
4de3,A V Q Q K L A A L E K S S G G R L G V A L I D T A D N T Q V L Y R G D E R F P M C S T S K V M A A A A V L K Q S E T Q K Q L L N Q P V E I K P A D L V N Y N P I A E K H V N G T M T L A E L S A A A L Q Y S D N T A M N K L I A Q L G G P G G V T A F A R A I G D E T F R L D R T E P T L N T A I P G D P R D T T T P R A M A Q T L R Q L T L G H A L G E T Q R A Q L V T W L K G N T T G A A S I R A G L P T S W T A G D K T G S G D Y G T T N D I A V I W P Q G R A P L V L V T Y F T Q P Q Q N A E S R R D V L A S A A R I I A E G L </s> M C S T K V N Y N P A L Y S D N T R T E P T L N T A N T G S D K T G S G D Y G T T N D Q N S R </s> O = C ( N c 1 c c c c ( - c 2 n n [ n H ] n 2 ) c 1 ) c 1 c c c c ( B r ) c 1
4djv,G S F V E M V D N L R G K S G Q G Y Y V E M T V G S P P Q T L N I L V D T G S S N F A V G A A P H P F L H R Y Y Q R Q L S S T Y R D L R K G V Y V P Y T Q G K W E G E L G T D L V S I P H G P N V T V R A N I A A I T E S D K F F I N G S N W E G I L G L A Y A E I A R P D D S L E P F F D S L V K Q T H V P N L F S L Q L C G A G F P L N Q S E V L A S V G G S M I I G G I D H S L Y T G S L W Y T P I R R E W Y Y E V I I V R V E I N G Q D L K M D C K E Y N Y D K S I V D S G T T N L R L P K K V F E A A V K S I K A A S S T E K F P D G F W L G E Q L V C W Q A G T T P W N I F P V I S L Y L M G E V T N Q S F R I T I L P Q Q Y L R P V E D V A T S Q D D C Y K F A I S Q S S T G T V M G A V I M E G F Y V V F D R A R K R I G F A V S A C H V H D E F R T A A V E G P F V T L D M E D C G Y N I </s> K S G Q G Y L V D T G S S N A V P Y T Q G K W K F F I S W G I L G L I R L Y I V D S G T T N R V G A V E </s> C O c 1 c c c c ( - c 2 c c c c ( [ C @ @ ] 3 ( c 4 c c c c c 4 ) N C ( = [ N H 2 + ] ) N ( C ) C 3 = O ) c 2 ) c 1
4dld,N R T L I V T T I L E E P Y V M Y R K S D K P L Y G N D R F E G Y C L D L L K E L S N I L G F L Y D V K L V P D G K Y G A Q N D K G E W N G M V K E L I D H R A D L A V A P L T I T Y V R E K V I D F S K P F M T L G I S I L Y R K G T P I D S A D D L A K Q T K I E Y G A V R D G S T M T F F K K S K I S T Y E K M W A F M S S R Q Q S A L V K N S D E G I Q R V L T T D Y A L L M E S T S I E Y V T Q R N C N L T Q I G G L I D S K G Y G V G T P I G S P Y R D K I T I A I L Q L Q E E G K L H M M K E K W W R G N G C P R T L I V T T I L E E P Y V M Y R K S D K P L Y G N D R F E G Y C L D L L K E L S N I L G F L Y D V K L V P D G K Y G A Q N D K G E W N G M V K E L I D H R A D L A V A P L T I T Y V R E K V I D F S K P F M T L G I S I L Y R K G T P I D S A D D L A K Q T K I E Y G A V R D G S T M T F F K K S K I S T Y E K M W A F M S S R Q Q S A L V K N S D E G I Q R V L T T D Y A L L M E S T S I E Y V T Q R N C N L T Q I G G L I D S K G Y G V G T P I G S P Y R D K I T I A I L Q L Q E E G K L H M M K E K W W R G N G C P </s> I L E E P Y V K Y G A M V A P L T I T R F M L I S A V R D G S T M T F V K N S D I L L M E S T S I Y V K G Y G W </s> [ N H 3 + ] [ C @ @ H ] ( C c 1 c c ( C l ) c ( [ N + ] ( = O ) [ O - ] ) c c 1 C C C ( = O ) [ O - ] ) C ( = O ) [ O - ]
4dli,R P T F Y R Q E L N K T I W E V P E R Y Q N L S P V G S Y G S V C A A F D T K T G L R V A V K K L S R P F Q S I I H A K R T Y R E L R L L K H M K H E N V I G L L D V F T P A R S L E E F N D V Y L V T H L M G A D L N N I V Q K L T D D H V Q F L I Y Q I L R G L K Y I H S A D I I H R D L K P S N L A V N E D C E L K I L D F G V A T R W Y R A P E I M L N W M H Y N Q T V D I W S V G C I M A E L L T G R T L F P G T D H I D Q L K L I L R L V G T P G A E L L K K I S S E S A R N Y I Q S L T Q M P K M N F A N V F I G A N P L A V D L L E K M L V L D S D K R I T A A Q A L A H A Y F A Q Y H D P D D E P V A D P Y D Q S F E S R D L L I D E W K S L T Y D E V I S F V P P P L D </s> A P E I M L N W M H Y N W L I L V P E L L K K I S S E S A R I V L D S D K R </s> N c 1 c c c 2 c ( N C 3 C C 3 ) n c ( - c 3 c c c c c 3 ) n c 2 c 1
4e5w,G D I V S E K K P A T E V D P T H F E K R F L K R I R D L G E G H F G K V E L C R Y D P E G D N T G E Q V A V K S L K N H I A D L K K E I E I L R N L Y H E N I V K Y K G I C T E N G I K L I M E F L P S G S L K E Y L P K N K N K I N L K Q Q L K Y A V Q I C K G M D Y L G S R Q Y V H R D L A A R N V L V E S E H Q V K I G D F G L T K A I E T D K E T V K D D R D S P V F W Y A P E C L M Q S K F Y I A S D V W S F G V T L H E L L T Y C D S D S S P M A L F L K M I G P T H G Q M T V T R L V N T L K E G K R L P C P P N C P D E V Y Q L M R K C W E F Q P S N R T S F Q N L I E G F E A L L K V D P T H F E K R F L K R I R D L G E G H F G K V E L C R Y D P E G D N T G E Q V A V K S L K P N H I A D L K K E I E I L R N L Y H E N I V K Y K G I C T E N G I K L I M E F L P S G S L K E Y L P K N K N K I N L K Q Q L K Y A V Q I C K G M D Y L G S R Q Y V H R D L A A R N V L V E S E H Q V K I G D F G L T K A I E K E T V K D D R D S P V F W Y A P E C L M Q S K F Y I A S D V W S F G V T L H E L L T Y C D S D S S P M A L F L K M I G P T H G Q M T V T R L V N T L K E G K R L P C P P N C P D E V Y Q L M R K C W E F Q P S N R T S F Q N L I E G F E A L L </s> R D L G E G H F G K V E L V A V K K E L V K L I M E F L P S G S L K E H D A A R N V L V K I G D F G L D P </s> C C ( C ) [ N @ @ H + ] 1 C C C [ C @ H ] 1 C ( = O ) N 1 C C C ( n 2 c n c 3 c n c 4 [ n H ] c c c 4 c 3 2 ) C C 1
4e6q,A F E D R D P T Q F E E R H L K F L R Q L G K G N F G S V E M C R Y D P L Q D N T G E V V A V K K L Q H S T E E H L R D F E R E I E I L K S L Q H D N I V K Y K G V C Y S A G R R N L K L I M E F L P Y G S L R E Y L Q K H K E R I D H I K L L Q Y T S Q I C K G M E Y L G T K R Y I H R D L A T R N I L V E N E N R V K I G D F G L T K V L P Q D K E K V K E P G E S P I F W Y A P E S L T E S K F S V A S D V W S F G V V L Y E L F T Y I E K S K S P P A E F M R M I G N D K Q G Q M I V F H L I E L L K N N G R L P R P D G C P D E I Y M I M T E C W N N N V N Q R P S F R D L A L R V D Q I R D N M A G </s> R Q L G K G N F G S V E M V A V K K Q E L V K I M E F L P Y G S L R E D A T R N I L V I G D F G </s> c 1 c c c ( C [ N H + ] 2 C C C ( n 3 c n c 4 c n c 5 [ n H ] c c c 5 c 4 3 ) C C 2 ) c c 1
4ea2,M T M M D M N F K Y C H K I M K K H S K S F S Y A F D L L P E D Q R K A V W A I Y A V C R K I D D S I D D I Q F L N Q I K E D I Q S I E K Y P Y E Y H H F Q S D R R I M M A L Q H V A Q H K N I A F Q S F Y N L I D T V Y K D Q H F T M F E T D A E L F G Y C Y G V A G T V G E V L T P I L S D H E T H Q T Y D V A R R L G E S L Q L I N I L R D V G E D F E N E R I Y F S K Q R L K Q Y E V D I A E V Y Q N G V N N H Y I D L W E Y Y A A I A E K D F R D V M D Q I K V F S I E A Q P I I E L A A R I Y I E I L D E V R Q A N Y T L H E R V F V E K R K K A K L F H E I N S K Y </s> M H S S F F V I Y A V C R K I D D L V Y C Y G V A G T V G E V L T L V A R R L G E S L Q L I N I R D F I A A Y I </s> C C ( C ) = C C C / C ( C ) = C \ C [ N H 2 + ] C C [ N H 2 + ] [ C @ H ] 1 [ C @ H ] 2 C [ C @ @ H ] 3 C [ C @ H ] ( C 2 ) C [ C @ H ] 1 C 3
4eky,Q I S V R G L A G V E N V T E L K K N F N R H L H F T L V K D R N V A T P R D Y Y F A L A H T V R D H L V G R W I R T Q Q H Y Y E K D P K R I Y Y L S L E F Y M G R T L Q N T M V N L A L E N A C D E A T Y Q L G L D M E E L E E I E E D A G L G N G G L G R L A A C F L D S M A T L G L A A Y G Y G I R Y E F G I F N Q K I C G G W Q M E E A D D W L R Y G N P W E K A R P E F T L P V H F Y G R V E H T S Q G A K W V D T Q V V L A M P Y D T P V P G Y R N N V V N T M R L W S A K A P N D F N L G Y I Q A V L D R N L A E N I S R V L Y P N D N F F E G K E L R L K Q E Y F V V A A T L Q D I I R R F K S S T N F D A F P D K V A I Q L N D T H P S L A I P E L M R V L V D L E R L D W D K A W E V T V K T C A Y T N H T V L P E A L E R W P V H L L E T L L P R H L Q I I Y E I N Q R F L N R V A A A F P G D V D R L R R M S L V E E G A V K R I N M A H L C I A G S H A V N G V A R I H S E I L K K T I F K D F Y E L E P H K F Q N K T N G I T P R R W L V L C N P G L A E I I A E R I G E E Y I S D L D Q L R K L L S Y V D D E A F I R D V A K V K Q E N K L K F A A Y L E R E Y K V H I N P N S L F D V Q V K R I H E Y K R Q L L N C L H V I T L Y N R I K K E P N K F V V P R T V M I G G K A A P G Y H M A K M I I K L I T A I G D V V N H D P V V G D R L R V I F L E N Y R V S L A E K V I P A A D L S E Q I S T A G T E A S G T G N M F M L N G A L T I G T M D G A N V E M A E E A G E E N F F I F G M R V E D V D R L D Q R G Y N A Q E Y Y D R I P E L R Q I I E Q L S S G F F S P K Q P D L F K D I V N M L M H H D R F K V F A D Y E E Y V K C Q E R V S A L Y K N P R E W T R M V I R N I A T S G K F S S D R T I A Q Y A R E I W G V E P S R Q R L P A Q I S V R G L A G V E N V T E L K K N F N R H L H F T L V K D R N V A T P R D Y Y F A L A H T V R D H L V G R W I R T Q Q H Y Y E K D P K R I Y Y L S L E F Y M G R T L Q N T M V N L A L E N A C D E A T Y Q L G L D M E E L E E I E E D A G L G N G G L G R L A A C F L D S M A T L G L A A Y G Y G I R Y E F G I F N Q K I C G G W Q M E E A D D W L R Y G N P W E K A R P E F T L P V H F Y G R V E H T S Q G A K W V D T Q V V L A M P Y D T P V P G Y R N N V V N T M R L W S A K A P N D F N L G Y I Q A V L D R N L A E N I S R V L Y P N D N F F E G K E L R L K Q E Y F V V A A T L Q D I I R R F K S S T N F D A F P D K V A I Q L N D T H P S L A I P E L M R V L V D L E R L D W D K A W E V T V K T C A Y T N H T V L P E A L E R W P V H L L E T L L P R H L Q I I Y E I N Q R F L N R V A A A F P G D V D R L R R M S L V E E G A V K R I N M A H L C I A G S H A V N G V A R I H S E I L K K T I F K D F Y E L E P H K F Q N K T N G I T P R R W L V L C N P G L A E I I A E R I G E E Y I S D L D Q L R K L L S Y V D D E A F I R D V A K V K Q E N K L K F A A Y L E R E Y K V H I N P N S L F D V Q V K R I H E Y K R Q L L N C L H V I T L Y N R I K K E P N K F V V P R T V M I G G K A A P G Y H M A K M I I K L I T A I G D V V N H D P V V G D R L R V I F L E N Y R V S L A E K V I P A A D L S E Q I S T A G T E A S G T G N M F M L N G A L T I G T M D G A N V E M A E E A G E E N F F I F G M R V E D V D R L D Q R G Y N A Q E Y Y D R I P E L R Q I I E Q L S S G F F S P K Q P D L F K D I V N M L M H H D R F K V F A D Y E E Y V K C Q E R V S A L Y K N P R E W T R M V I R N I A T S G K F S S D R T I A Q Y A R E I W G V E P S R Q R L P A </s> Y E N G G L G R L A F N D N F F R E N D T H P Y T N H T V L E A L E R W M A N G V A H K T N G K R Y K S T E A S G T G N M D G A Y </s> C C C C # C c 1 c n ( [ C @ @ H ] 2 O [ C @ H ] ( C O ) [ C @ @ H ] ( O ) [ C @ H ] ( O ) [ C @ H ] 2 O ) c ( = O ) [ n H ] c 1 = O
4eo8,H H S Y T W T G A L I T P C A A E E S K L P I N A L S N S L L R H H N M V Y A T T S R S A G L R Q K K V T F D R L Q V L D D H Y R D V L K E M K A K A S T V K A K L L S V E E A C K L T P P H S A K S K F G Y G A K D V R N L S S K A V N H I H S V W K D L L E D T V T P I D T T I M A K N E V F C V Q R K P A R L I V F P D L G V R V C E K M A L Y D V V S T L P Q V V M G S S Y G F Q Y S P G Q R V E F L V N T W K S K K N P M G F S Y D T R C F D S T V T E N D I R V E E S I Y Q C C D L A P E A R Q A I K S L T E R L Y I G G P L T N S K G Q N C G Y R R C R A S G V L T T S C G N T L T C Y L K A S A A C R A A K L Q D C T M L V N G D D L V V I C E S A G V Q E D A A S L R A F T E A M T R Y S A P P G D P P Q P E Y D L E L I T S C S S N V S V A H D A S G K R V Y Y L T R D P T T P L A R A A W E T A R H T P V N S W L G N I I M Y A P T L W A R M I L M T H F F S I L L A Q E Q L E K A L D C Q I Y G A C Y S I E P L D L P Q I I E R L H G L S A F S L H S Y S P G E I N R V A S C L R K L G V P P L R V W R H R A R S V R A R L L S Q G G R A A T C G K Y L F N W A V K T K L K L T P I P A A S Q L D L S G W F V A G Y S G G D I Y H </s> V A H Y A P T L W A R M I M T A F S L H S Y S P E I N R V A S C L R V P P L R V W R A L F N W A V K </s> C [ C @ @ H ] 1 C C [ C @ @ H ] ( C ( = O ) N ( c 2 c c ( C # C C ( C ) ( C ) C ) s c 2 C ( = O ) [ O - ] ) [ N H + ] ( C ) C ) C C 1
4eor,S M E N F Q K V E K I G E G T Y G V V Y K A R N K L T G E V V A L K K I R L E G V P S T A I R E I S L L K E L N H P N I V K L L D V I H T E N K L Y L V F E F L H Q D L K K F M D A S A L T G I P L P L I K S Y L F Q L L Q G L A F C H S H R V L H R D L K P Q N L L I N T E G A I K L A D F G L A R A F G V P V R T Y H E V V T L W Y R A P E I L L G C K Y Y S T A V D I W S L G C I F A E M V T R R A L F P G D S E I D Q L F R I F R T L G T P D E V V W P G V T S M P D Y K P S F P K W A R Q D F S K V V P P L D E D G R S L L S Q M L H Y D P N K R I S A K A A L A H P F F Q D V T K P V P H L R P D Y H E D I H T Y L R E M E V K C K P K V G Y M K K Q P D I T N S M R A I L V D W L V E V G E E Y K L Q N E T L H L A V N Y I D R F L S S M S V L R G K L Q L V G T A A M L L A S K F E E I Y P P E V A E F V Y I T D D T Y T K K Q V L R M E H L V L K V L T F D L A A P T V N Q F L T Q Y F L H Q Q P A N C K V E S L A M F L G E L S L I D A D P Y L K Y L P S V I A G A A F H L A L Y T V T G Q S W P E S L I R K T G Y T L E S L K P C L M D L H Q T Y L K A P Q H A Q Q S I R E K Y K N S K Y H G V S L L N P P E T L N L </s> E K I G E G T Y G V V Y K V A L K E L V K L L L V F E F L H Q D L K K F D K P Q N L L I K L A D F G R </s> N S ( = O ) ( = O ) c 1 c c c ( N c 2 n c ( O C C 3 C C C C C 3 ) c 3 n c [ n H ] c 3 n 2 ) c c 1
4f09,Q F E E R H L K F L Q Q L G K G N F G S V E M C R Y D P L Q D N T G E V V A V K K L Q H S T E E H L R D F E R E I E I L K S L Q H D N I V K Y K G V C Y S A G R R N L K L I M E Y L P Y G S L R D Y L Q K H K E R I D H I K L L Q Y T S Q I C K G M E Y L G T K R Y I H R D L A T R N I L V E N E N R V K I G D F G L T K V L P Q D K E K V K E P G E S P I F W Y A P E S L T E S K F S V A S D V W S F G V V L Y E L F T Y I E K S K S P P A E F M R M I G N D K Q G Q M I V F H L I E L L K N N G R L P R P D G C P D E I Y M I M T E C W N N N V N Q R P S F R D L A L R V D Q I R D N M A G </s> Q L G K G N G S V E M V V A V K L V K L I M E Y L P Y G S L R D Y T R N I L V K I G D F G </s> C c 1 n c 2 c n c 3 [ n H ] c c c 3 c 2 n 1 C 1 C C [ N H 2 + ] C C 1
4f2w,M K I G I I G A M E E E V T L L R D K I D N R Q T I T L G G C E I Y T G Q L N G T E V A L L K S G I G K V A A A L G A T L L L E H C K P D V I I N T G S A G G L A S T L K V G D I V V S D E T R Y H D A D V T A F G Y E Y G Q L P G C P A G F K A D D K L I A A A E S C I R E L N L N A V R G L I V S G D A F I N G S V G L A K I R H N F P D A V A V E M E A T A I A H V C H N F N V P F V V V R A I S D V A D Q Q S H L S F D E F L A V A A K Q S T L M V E T L V Q K L A H L V P R G S H M K I G I I G A M E E E V T L L R D K I D N R Q T I T L G G C E I Y T G Q L N G T E V A L L K S G I G K V A A A L G A T L L L E H C K P D V I I N T G S A G G L A S T L K V G D I V V S D E T R Y H D A D V T A F G Y E Y G Q L P G C P A G F K A D D K L I A A A E S C I R E L N L N A V R G L I V S G D A F I N G S V G L A K I R H N F P D A V A V E M E A T A I A H V C H N F N V P F V V V R A I S D V A D Q Q S H L S F D E F L A V A A K Q S T L M V E T L V Q K L A </s> G A M E S G I G N T G S A G G L H V S G D A F I N G L I A V E M E A R A I S D V A D S H S F D L A D V F Y L P </s> C S C [ C @ H ] 1 C [ N @ @ H + ] ( C c 2 c [ n H ] c 3 c ( N ) n c n c 2 3 ) C [ C @ @ H ] 1 O
4f3c,M K I G I I G A M E E E V T L L R D K I D N R Q T I T L G G C E I Y T G Q L N G T E V A L L K S G I G K V A A A L G A T L L L E H C K P D V I I N T G S A G G L A S T L K V G D I V V S D E T R Y H D A D V T A F G Y E Y G Q L P G C P A G F K A D D K L I A A A E S C I R E L N L N A V R G L I V S G D A F I N G S V G L A K I R H N F P D A V A V E M E A T A I A H V C H N F N V P F V V V R A I S D V A D Q Q S H L S F D E F L A V A A K Q S T L M V E T L V Q K L A M K I G I I G A M E E E V T L L R D K I D N R Q T I T L G G C E I Y T G Q L N G T E V A L L K S G I G K V A A A L G A T L L L E H C K P D V I I N T G S A G G L A S T L K V G D I V V S D E T R Y H D A D V T A F G Y E Y G Q L P G C P A G F K A D D K L I A A A E S C I R E L N L N A V R G L I V S G D A F I N G S V G L A K I R H N F P D A V A V E M E A T A I A H V C H N F N V P F V V V R A I S D V A D Q Q S H L S F D E F L A V A A K Q S T L M V E T L V Q K L A </s> G A M E E S G I G N T G S A G G L H V S G D A F I N G L I A V E M E A R A I S D V A D Q S H S F D L A D V A F G Y L P G </s> C C C C S C [ C @ H ] 1 C [ N @ @ H + ] ( C c 2 c [ n H ] c 3 c ( N ) n c n c 2 3 ) C [ C @ @ H ] 1 O
4f9w,R P T F Y R Q E L N K T I W E V P E R Y Q N L S P V G S G A Y G S V C A A F D T K T G L R V A V K K L S R P F Q S I I H A K R T Y R E L R L L K H M K H E N V I G L L D V F T P A R S L E E F N D V Y L V T H L M G A D L N N I V K C Q K L T D D H V Q F L I Y Q I L R G L K Y I H S A D I I H R D L K P S N L A V N E D C E L K I L D F G L A T R W Y R A P E I M L N W M H Y N Q T V D I W S V G C I M A E L L T G R T L F P G T D H I D Q L K L I L R L V G T P G A E L L K K I S S E S A R N Y I Q S L T Q M P K M N F A N V F I G A N P L A V D L L E K M L V L D S D K R I T A A Q A L A H A Y F A Q Y H D P D D E P V A D P Y D Q S F E S R D L L I D E W K S L T Y D E V I S F V P P P </s> W V G S G A G S V C A R V A V K K L E L I G L L D V Y L V T H L M G A D L N N K P S N L A V K I L D F L </s> C N ( C ) c 1 c c ( - c 2 c c n c c 2 ) c ( - c 2 c c c 3 c c c c c 3 c 2 ) n n 1
4gfm,D P T Q F E E R H L K F L Q Q L G K G N F G S V E M C R Y D P L Q D N T G E V V A V K K L Q H S T E E H L R D F E R E I E I L K S L Q H D N I V K Y K G V C Y S A G R R N L K L I M E Y L P Y G S L R D Y L Q K H K E R I D H I K L L Q Y T S Q I C K G M E Y L G T K R Y I H R D L A T R N I L V E N E N R V K I G D F G L T K V L P Q D K E K V K E P G E S P I F W Y A P E S L T E S K F S V A S D V W S F G V V L Y E L F T Y I E K S K S P P A E F M R M I G N D K Q G Q M I V F H L I E L L K N N G R L P R P D G C P D E I Y M I M T E C W N N N V N Q R P S F R D L A L R V D Q I R D N M </s> Q L G K G N G S V E M C V A V K L V K L I M E Y L P Y G S L R D D A T R N I L V K I G D F G </s> O = C 1 C C ( N C ( = O ) c 2 c ( C l ) c c c c 2 C l ) = C C = N 1
4gid,F V E M V D N L R G K S G Q G Y Y V E M T V G S P P Q T L N I L V D T G S S N F A V G A A P H P F L H R Y Y Q R Q L S S T Y R D L R K G V Y V P Y T Q G K W E G E L G T D L V S I P H G P N V T V R A N I A A I T E S D K F F I N G S N W E G I L G L A Y A E I A R P D D S L E P F F D S L V K Q T H V P N L F S L Q L C G A G F P L N Q S E V L A S V G G S M I I G G I D H S L Y T G S L W Y T P I R R E W Y Y E V I I V R V E I N G Q D L K M D C K E Y N Y D K S I V D S G T T N L R L P K K V F E A A V K S I K A A S S T E K F P D G F W L G E Q L V C W Q A G T T P W N I F P V I S L Y L M G E V T N Q S F R I T I L P Q Q Y L R P V E D V A T S Q D D C Y K F A I S Q S S T G T V M G A V I M E G F Y V V F D R A R K R I G F A V S A C H V H D E F R T A A V E G P F V T L D M E D C G Y N </s> G K S G Q G Y L V D T G S S N Y V P Y T Q G K W D K F F I S W G I L A Y E I A R L W Y Y K I V D S G T T N L R L G R K F A I S Q S T G T V G A V E </s> C C ( C ) C N C ( = O ) [ C @ @ H ] ( [ N H 2 + ] C [ C @ H ] ( C c 1 c c c c c 1 ) N C ( = O ) c 1 c c ( C ( = O ) N [ C @ H ] ( C ) c 2 c c c c c 2 ) c c ( N ( C ) S ( C ) ( = O ) = O ) c 1 ) [ C @ @ H ] ( C ) O
4gkm,P S W P Q I L G R L T D N R D L A R G Q A A W A M D Q I M T G N A R P A Q I A A F A V A M T M K A P T A D E V G E L A G V M L S H A H P L P A D T V P D D A V D V V G T G G D G V N T V N L S T M A A I V V A A A G V P V V K H G N R A A S S L S G G A D T L E A L G V R I D L G P D L V A R S L A E V G I G F C F A P R F H P S Y R H A A A V R R E I G V P T V F N L L G P L T N P A R P R A G L I G C A F A D L A E V M A G V F A A R R S S V L V V H G D D G L D E L T T T T T S T I W R V A A G S V D K L T F D P A G F G F A R A Q L D Q L A G G D A Q A N A A A V R A V L G G A R G P V R D A V V L N A A G A I V A H A G L S S R A E W L P A W E E G L R R A S A A I D T G A A E Q L L A R W V R F G R Q I P S W P Q I L G R L T D N R D L A R G Q A A W A M D Q I M T G N A R P A Q I A A F A V A M T M K A P T A D E V G E L A G V M L S H A H P L P A D T V P D D A V D V V G T G G D G V N T V N L S T M A A I V V A A A G V P V V K H G N R A A S S L S G G A D T L E A L G V R I D L G P D L V A R S L A E V G I G F C F A P R F H P S Y R H A A A V R R E I G V P T V F N L L G P L T N P A R P R A G L I G C A F A D L A E V M A G V F A A R R S S V L V V H G D D G L D E L T T T T T S T I W R V A A G S V D K L T F D P A G F G F A R A Q L D Q L A G G D A Q A N A A A V R A V L G G A R G P V R D A V V L N A A G A I V A H A G L S S R A E W L P A W E E G L R R A S A A I D T G A A E Q L L A R W V R F G R Q I </s> M H G N R A A F A P R F H P S Y R H A A A V R R F N L L G P L T N </s> C c 1 c c c ( N c 2 c c c c c 2 C ( = O ) [ O - ] ) c ( C ( = O ) [ O - ] ) c 1
4gr0,M G P V W R K H Y I T Y R I N N Y T P D M N R E D V D Y A I R K A F Q V W S N V T P L K F S K I N T G M A D I L V V F A R G A H G D D H A F D G K G G I L A H A F G P G S G I G G D A H F D E D E F W T T H S G G T N L F L T A V H E I G H S L G L G H S S D P K A V M F P T Y K Y V D I N T F R L S A D D I R G I Q S L Y G </s> H A F D K G G I L A H A F H F D E W G T N L F L T A V H E I H S G H S D P K A V M F P T Y K Y V D T F R L S D </s> C [ C @ H ] ( N C ( = O ) [ C @ H ] ( C ) N C ( = O ) [ C @ H ] ( C c 1 c c ( - c 2 c c c ( - c 3 c c c c ( C l ) c 3 ) c c 2 ) n o 1 ) C [ P @ @ ] ( = O ) ( [ O - ] ) c 1 c c c ( B r ) c c 1 ) C ( N ) = O
4hge,Q F E E R H L K F L Q Q L G K G N F G S V E M C R Y D P L Q D N T G E V V A V K K L Q H S T E E H L R D F E R E I E I L K S L Q H D N I V K Y K G V C Y S N L K L I M E Y L P Y G S L R D Y L Q K H K E R I D H I K L L Q Y T S Q I C K G M E Y L G T K R Y I H R D L A T R N I L V E N E N R V K I G D F G L T K V L P Q D K E K V K E P G E S P I F W Y A P E S L T E S K F S V A S D V W S F G V V L Y E L F T Y I E K S K S P P A E F M R M I G N D K Q G Q M I V F H L I E L L K N N G R L P R P D G C P D E I Y M I M T E C W N N N V N Q R P S F R D L A L R V D Q I R D N M A G </s> Q Q L G K G N F G S V E M V V A V K K Q E L V K L I M E Y L P Y G S L R D Y K D T R N I L V I G D F G </s> C c 1 c c ( N C ( = O ) c 2 c n n 3 c c c n c 2 3 ) n ( - c 2 c c c c ( C l ) c 2 ) n 1
4ih5,H M S Y T W T G A L I T P C A A E E S K L P I N A L S N S L L R H H N M V Y A T T S R S A G L R Q K K V T F D R L Q V L D D H Y R D V L K E M K A K A S T V K A K L L S V E E A C K L T P P H S A K S K F G Y G A K D V R N L S S K A V N H I H S V W K D L L E D T V T P I D T T I M A K N E V F C V Q R K P A R L I V F P D L G V R V C E K M A L Y D V V S T L P Q V V M G S S Y G F Q Y S P G Q R V E F L V N T W K S K K N P M G F S Y D T R C F D S T V T E N D I R V E E S I Y Q C C D L A P E A R Q A I K S L T E R L Y I G G P L T N S K G Q N C G Y R R C R A S G V L T T S C G N T L T C Y L K A S A A C R A A K L Q D C T M L V N G D D L V V I C E S A G T Q E D A A S L R V F T E A M T R Y S A P P G D P P Q P E Y D L E L I T S C S S N V S V A H D A S G K R V Y Y L T R D P T T P L A R A A W E T A R H T P V N S W L G N I I M Y A P T L W A R M I L M T H F F S I L L A Q E Q L E K A L D C Q I Y G A C Y S I E P L D L P Q I I E R L H G L S A F S L H S Y S P G E I N R V A S C L R K L G V P P L R V W R H R A R S V R A R L L S Q G G R A A T C G K Y L F N W A V K T K L K L T P I P A A S R L D L S G W F V A G Y S G G D I Y H </s> G F Y S P G R V L N D S C S S N L T R P R V N S W L G N I I M Y W C Q I Y G A Y H W F Y </s> c 1 c c c ( N N c 2 n c n c 3 n [ n H ] c c 2 3 ) c c 1
4ih7,H M S Y T W T G A L I T P C A A E E S K L P I N A L S N S L L R H H N M V Y A T T S R S A G L R Q K K V T F D R L Q V L D D H Y R D V L K E M K A K A S T V K A K L L S V E E A C K L T P P H S A K S K F G Y G A K D V R N L S S K A V N H I H S V W K D L L E D T V T P I D T T I M A K N E V F C V Q R K P A R L I V F P D L G V R V C E K M A L Y D V V S T L P Q V V M G S S Y G F Q Y S P G Q R V E F L V N T W K S K K N P M G F S Y D T R C F D S T V T E N D I R V E E S I Y Q C C D L A P E A R Q A I K S L T E R L Y I G G P L T N S K G Q N C G Y R R C R A S G V L T T S C G N T L T C Y L K A S A A C R A A K L Q D C T M L V N G D D L V V I C E S A G T Q E D A A S L R V F T E A M T R Y S A P P G D P P Q P E Y D L E L I T S C S S N V S V A H D A S G K R V Y Y L T R D P T T P L A R A A W E T A R H T P V N S W L G N I I M Y A P T L W A R M I L M T H F F S I L L A Q E Q L E K A L D C Q I Y G A C Y S I E P L D L P Q I I E R L H G L S A F S L H S Y S P G E I N R V A S C L R K L G V P P L R V W R H R A R S V R A R L L S Q G G R A A T C G K Y L F N W A V K T K L K L T P I P A A S R L D L S G W F V A G Y S G G D I Y H </s> G F Y S P G Q R V L L N D S C S S N Y L T R P R N S W L G N I I M Y W C Q I Y G A H F Y S </s> C C ( C ) ( C ) c 1 c c c c ( C 2 C = C C = N C 2 = O ) c 1
4ivb,G D I V S E K K P A T E V D P T H F E K R F L K R I R D L G E G H F G K V E L C R Y D P E G D N T G E Q V A V K S L K P H I A D L K K E I E I L R N L Y H E N I V K Y K G I C T E G I K L I M E F L P S G S L K E Y L P K N K N K I N L K Q Q L K Y A V Q I C K G M D Y L G S R Q Y V H R D L A A R N V L V E S E H Q V K I G D F G L T K A I E T D K E T V K D D R D S P V F W Y A P E C L M Q S K F Y I A S D V W S F G V T L H E L L T Y C D S D S S P M A L F L K M I G P T H G Q M T V T R L V N T L K E G K R L P C P P N C P D E V Y Q L M R K C W E F Q P S N R T S F Q N L I E G F E A L L K </s> R D L G E G H F G K V E L V A V K E L V K L I M E F L P S G S L K E Y D A A R N V L V K I G D F G L </s> C [ C @ @ H ] ( O ) c 1 n c 2 c n c 3 [ n H ] c c c 3 c 2 n 1 [ C @ @ H ] 1 C C [ C @ @ H ] ( C # N ) C C 1
4ivc,G D I V S E K K P A T E V D P T H F E K R F L K R I R D L G E G H F G K V E L C R Y D P E G D N T G E Q V A V K S L K P H I A D L K K E I E I L R N L Y H E N I V K Y K G I C T E G I K L I M E F L P S G S L K E Y L P K N K N K I N L K Q Q L K Y A V Q I C K G M D Y L G S R Q Y V H R D L A A R N V L V E S E H Q V K I G D F G L T K A I E T D K E T V K D D R D S P V F W Y A P E C L M Q S K F Y I A S D V W S F G V T L H E L L T Y C D S D S S P M A L F L K M I G P T H G Q M T V T R L V N T L K E G K R L P C P P N C P D E V Y Q L M R K C W E F Q P S N R T S F Q N L I E G F E A L L K </s> R D L G E G H F G K V E L Q V A V K S K E L V K L I M E F L P S G S L K E Y D A A R N V L V K I G D F G </s> C [ C @ @ H ] ( O ) c 1 n c 2 c n c 3 [ n H ] c c c 3 c 2 n 1 [ C @ @ H ] 1 C C [ C @ @ H ] ( C C # N ) C C 1
4ivd,G D I V S E K K P A T E V D P T H F E K R F L K R I R D L G E G H F G K V E L C R Y D P E G D N T G E Q V A V K S L K P H I A D L K K E I E I L R N L Y H E N I V K Y K G I C T G I K L I M E F L P S G S L K E Y L P K N K N K I N L K Q Q L K Y A V Q I C K G M D Y L G S R Q Y V H R D L A A R N V L V E S E H Q V K I G D F G L T K A I E T D K E T V K D D R D S P V F W Y A P E C L M Q S K F Y I A S D V W S F G V T L H E L L T Y C D S D S S P M A L F L K M I G P T H G Q M T V T R L V N T L K E G K R L P C P P N C P D E V Y Q L M R K C W E F Q P S N R T S F Q N L I E G F E A L L K </s> R D L G E G H F G K V E L V A V K S K E L V K L I M E F L P S G S L K E Y D A A R N V L V K I G D F G L </s> C [ C @ @ H ] ( O ) c 1 n c 2 c n c 3 [ n H ] c c c 3 c 2 n 1 [ C @ @ H ] 1 C C [ C @ @ H ] ( C C C # N ) C C 1
4j21,G T I L I D L S P D D K E F Q S V E E E M Q S T V R E H R D G G H A G G I F N R Y N I L K I Q K V C N K K L W E R Y T H R R K E V S E E N H N H A N E R M L F H G S P F V N A I I H K G F D E R H A Y I G G M F G A G I Y F A E N S S K S N Q Y V Y G I G G G T G C P V H K D R S C Y I C H R Q L L F C R V T L G K S F L Q F S A M M A H S P P G H H S V T G R P S V N G L A L A E Y V I Y R G E Q A Y P E Y L I T Y Q I M R P E </s> L F H G S P F I F E R H A Y I G G M F G I Y F A E N S S K S N Q Y V Y G I G G G L L E Y V </s> C c 1 c c ( = O ) [ n H ] c 2 c c ( - c 3 c c c ( N ) c c 3 C l ) c c c 1 2
4j28,E I P L K Y G A T N E G K R Q D P A M Q K F R D N R L G A F I H W G L Y A I P G G E W N G K V Y G G A A E W L K S W A K V P A D E W L K L M D Q W N P T K F D A K K W A K M A K E M G T K Y V K I T T K H H E G F C L W P S K Y T K Y T V A N T P Y K R D I L G E L V K A Y N D E G I D V H F Y F S V M D W S N P D Y R Y D I K S K E D S I A F S R F L E F T D N Q L K E L A T R Y P T V K D F W F D G T W D A S V K K N G W W T A H A E Q M L K E L V P G V A I N S R L R A D D K G K R H F D S N G R L M G D Y E S G Y E R R L P D P V K D L K V T Q W D W E A C M T I P E N Q W G Y H K D W S L S Y V K T P I E V I D R I V H A V S M G G N M V V N F G P Q A D G D F R P E E K A M A T A I G K W M N R Y G K A V Y A C D Y A G F E K Q D W G Y Y T R G K N D E V Y M V V F N Q P Y S E R L I V K T P K G I T V E K A T L L T T G E D I T V V E T T R N E Y N V S V P K K N P G E P Y V I Q L K V R A A </s> F I H Y A A E W W T K H H E Y S M W W F D G T W R E C M T N Q W G N </s> C [ C @ @ H ] 1 [ N H 2 + ] [ C @ @ H ] ( c 2 n c 3 c c c c c 3 [ n H ] 2 ) [ C @ H ] ( O ) [ C @ @ H ] 1 O
4j3l,G T I L I D L S P D D K E F Q S V E E E M Q S T V R E H R D G G H A G G I F N R Y N I L K I Q K V C N K K L W E R Y T H R R K E V S E E N H N H A N E R M L F H G S P F V N A I I H K G F D E R H A Y I G G M F G A G I Y F A E N S S K S N Q Y V Y G I G G G T G C P V H K D R S C Y I C H R Q L L F C R V T L G K S F L Q F S A M M A H S P P G H H S V T G R P S V N G L A L A E Y V I Y R G E Q A Y P E Y L I T Y Q I M R P E </s> L F H G S P F V I F E R H A Y I G G M F G I Y F A E N S S K S N Q Y V Y G I G G G L L E Y V </s> C O C C N C ( = O ) c 1 c c c ( - c 2 c c c 3 c ( C ) c c ( = O ) [ n H ] c 3 c 2 ) c ( C l ) c 1
4jfs,E I P L K Y G A T N E G K R Q D P A M Q K F R D N R L G A F I H W G L Y A I P G G E W N G K V Y G G A A E W L K S W A K V P A D E W L K L M D Q W N P T K F D A K K W A K M A K E M G T K Y V K I T T K H H E G F C L W P S K Y T K Y T V A N T P Y K R D I L G E L V K A Y N D E G I D V H F Y F S V M D W S N P D Y R Y D I K S K E D S I A F S R F L E F T D N Q L K E L A T R Y P T V K D F W F D G T W D A S V K K N G W W T A H A E Q M L K E L V P G V A I N S R L R A D D K G K R H F D S N G R L M G D Y E S G Y E R R L P D P V K D L K V T Q W D W E A C M T I P E N Q W G Y H K D W S L S Y V K T P I E V I D R I V H A V S M G G N M V V N F G P Q A D G D F R P E E K A M A T A I G K W M N R Y G K A V Y A C D Y A G F E K Q D W G Y Y T R G K N D E V Y M V V F N Q P Y S E R L I V K T P K G I T V E K A T L L T T G E D I T V V E T T R N E Y N V S V P K K N P G E P Y V I Q L K V R A A </s> F I H Y A A E W W T H H Y S M W W F D G T W N R R S E R C M T N Q W G N </s> C O c 1 c c c ( [ C @ H ] 2 [ C @ H ] ( O ) [ C @ H ] ( O ) [ C @ H ] ( C ) [ N @ H + ] 2 C ) c c 1
4jia,S G A F E D R D P T Q F E E R H L K F L Q Q L G K G N F G S V E M C R Y D P L Q D N T G E V V A V K K L Q H S T E E H L R D F E R E I E I L K S L Q H D N I V K Y K G V C Y S A G R R N L K L I M E Y L P Y G S L R D Y L Q K H K E R I D H I K L L Q Y T S Q I C K G M E Y L G T K R Y I H R D L A T R N I L V E N E N R V K I G D F G L T K V L P Q D K E K V K E P G E S P I F W Y A P E S L T E S K F S V A S D V W S F G V V L Y E L F T Y I E K S K S P P A E F M R M I G N D K Q G Q M I V F H L I E L L K N N G R L P R P D G C P D E I Y M I M T E C W N N N V N Q R P S F R D L A L R V D Q I R D N M A G </s> Q Q L G K G N F G S V E M V A V K E L V K L I M E Y L P Y G S D K R N I L V I G D F </s> C O c 1 c c c ( - c 2 c c c c 3 [ n H ] c ( N c 4 c c c ( N 5 C C [ N H + ] ( C ) C C 5 ) c c 4 ) n [ n + ] 2 3 ) c c 1
4jsz,H W G Y G K H N G P E H W H K D F P I A K G E R Q S P V D I D T H T A K Y D P S L K P L S V S Y D Q A T S L R I L N N G H A F N V E F D D S Q D K A V L K G G P L D G T Y R L I Q F C F H W G S L D G Q G S E H T V D K K K Y A A E L H L V H W N T K Y G D F G K A V Q Q P D G L A V L G I F L K V G S A K P G L Q K V V D V L D S I K T K G K S A D F T N F D P R G L L P E S L D Y W T Y P G S L T T P P L L E C V T W I V L K E P I S V S S E Q V L K F R K L N F N G E G E P E E L M V D N W R P A Q P L K N R Q I K A S F K </s> H W G Y G K H N G P E H W H K D F P P </s> N S ( = O ) ( = O ) c 1 c c c c c 1
4jxs,A P Q Q I N D I V H R T I T P L I E Q Q K I P G M A V A V I Y Q G K P Y Y F T W G Y A D I A K K Q P V T Q Q T L F E L G S V S K T F T G V L G G D A I A R G E I K L S D P T T K Y W P E L T A K Q W N G I T L L H L A T Y T A G G L P L Q V P D E V K S S S D L L R F Y Q N W Q P A W A P G T Q R L Y A N S S I G L F G A L A V K P S G L S F E Q A M Q T R V F Q P L K L N H T W I N V P P A E E K N Y A W G Y R E G K A V H V S P G A L D A E A Y G V K S T I E D M A R W V Q S N L K P L D I N E K T L Q Q G I Q L A Q S R Y W Q T G D M Y Q G L G W E M L D W P V N P D S I I N G S D N K I A L A A R P V K A I T P P T P A V R A S W V H K T G A T G G F G S Y V A F I P E K E L G I V M L A N K N Y P N P A R V D A A W Q I L N A L Q </s> E L G S V S K L Q V D Y A N S I R V H V S P G D A Y G S N A L K T G A T G G F G S N N R </s> O = C ( [ O - ] ) c 1 c c c ( C N S ( = O ) ( = O ) c 2 c c s c 2 C ( = O ) [ O - ] ) c c 1
4k18,E P L E S Q Y Q V G P L L G S G G F G S V Y S G I R V S D N L P V A I K H V E K D R I S D W G E L P N G T R V P M E V V L L K K V S S G F S G V I R L L D W F E R P D S F V L I L E R P E P V Q D L F D F I T E R G A L Q E E L A R S F F W Q V L E A V R H C H N C G V L H R D I K D E N I L I D L N R G E L K L I D F G S G A L L K D T V Y T D F D G T R V Y S P P E W I R Y H R Y H G R S A A V W S L G I L L Y D M V C G D I P F E H D E E I I R G Q V F F R Q R V S S E C Q H L I R W C L A L R P S D R P T F E E I Q N H P W M Q D V L L P Q E T A E I H L H S L S </s> L L G S G G F G S V Y S G P V A I K H V E L I R L I L E R P E P V Q D L F D F D D E N I L I K L I D F G S </s> N # C c 1 c c c ( C c 2 c c ( O ) n 3 n c c ( C ( = O ) N c 4 c c c ( F ) c c 4 ) c 3 n 2 ) c c 1
4k77,V D P T H F E K R F L K R I R D L G E G H F G K V E L C R Y D P E G D N T G E Q V A V K S L K P N H I A D L K K E I E I L R N L Y H E N I V K Y K G I C T N G I K L I M E F L P S G S L K E Y L P K N K N K I N L K Q Q L K Y A V Q I C K G M D Y L G S R Q Y V H R D L A A R N V L V E S E H Q V K I G D F G L T K A I E T D K E T V K D D R D S P V F W Y A P E C L M Q S K F Y I A S D V W S F G V T L H E L L T Y C D S D S S P M A L F L K M I G P T H G Q M T V T R L V N T L K E G K R L P C P P N C P D E V Y Q L M R K C W E F Q P S N R T S F Q N L I E G F E A L L K </s> R D L G E G H G K V E L Q V A V K S E L V K L I M E F L P S G S L E D A A R N V L V K I G D F G </s> O = c 1 [ n H ] c c c 2 c ( N C 3 C C C C C 3 ) n c n c 1 2
4kz6,A P Q Q I N D I V H R T I T P L I E Q Q K I P G M A V A V I Y Q G K P Y Y F T W G Y A D I A K K Q P V T Q Q T L F E L G S V S K T F T G V L G G D A I A R G E I K L S D P T T K Y W P E L T A K Q W N G I T L L H L A T Y T A G G L P L Q V P D E V K S S S D L L R F Y Q N W Q P A W A P G T Q R L Y A N S S I G L F G A L A V K P S G L S F E Q A M Q T R V F Q P L K L N H T W I N V P P A E E K N Y A W G Y R E G K A V H V S P G A L D A E A Y G V K S T I E D M A R W V Q S N L K P L D I N E K T L Q Q G I Q L A Q S R Y W Q T G D M Y Q G L G W E M L D W P V N P D S I I N G S D N K I A L A A R P V K A I T P P T P A V R A S W V H K T G A T G G F G S Y V A F I P E K E L G I V M L A N K N Y P N P A R V D A A W Q I L N A L Q </s> E L G S V S K L Q V Y A N S H V S D A Y G S N A L K T G A T G G F G S N Y N R </s> C [ C @ @ H ] 1 C C C [ C @ H ] ( C ( = O ) [ O - ] ) N 1 C ( = O ) C C S
4kzq,G T I L I D L S P D D K E F Q S V E E E M Q S T V R E H R D G G H A G G I F N R Y N I L K I Q K V C N K K L W E R Y T H R R K E V S E E N H N H A N E R M L F H G S P F V N A I I H K G F D E R H A Y I G G M F G A G I Y F A E N S S K S N Q Y V Y G I G G G T G C P V H K D R S C Y I C H R Q L L F C R V T L G K S F L Q F S A M A H S P P G H H S V T G R P S V N G L A L A E Y V I Y R G E Q A Y P E Y L I T Y Q I M R P E </s> R L F H G S P F I F R H A Y I G G M F G I Y F A E N S S K S N Q Y V Y G I G G L L A E Y V </s> O = c 1 c c ( - c 2 c c c ( O ) c c 2 ) o c 2 c c c c c 1 2
4kzu,G T I L I D L S P D D K E F Q S V E E E M Q S T V R E H R D G G H A G G I F N R Y N I L K I Q K V C N K K L W E R Y T H R R K E V S E E N H N H A N E R M L F H G S P F V N A I I H K G F D E R H A Y I G G M F G A G I Y F A E N S S K S N Q Y V Y G I G G G T G C P V H K D R S C Y I C H R Q L L F C R V T L G K S F L Q F S A M A H S P P G H H S V T G R P S V N G L A L A E Y V I Y R G E Q A Y P E Y L I T Y Q I M R P E </s> R L F H G S P F V I F R H A Y I G G M F G I Y F A E N S S K S N Q Y V G I G G L L A E Y V </s> O = c 1 c c ( - c 2 c c c ( B r ) c c 2 ) o c 2 c c c c c 1 2
4llx,A G T S I C T S E E W Q G L M Q F T L P V R L C K E I E L F H F D I G P F E N M W P G I F V Y M V H R S C G T S C F E L E K L C R F I M S V K K N Y R R V P Y H N W K H A V T V A H C M Y A I L Q N N H T L F T D L E R K G L L I A C L C H D L D H R G F S N S Y L Q K F D H P L A A L Y S T S T M E Q H H F S Q T V S I L Q L E G H N I F S T L S S S E Y E Q V L E I I R K A I I A T D L A L Y F G N R K Q L E E M Y Q T G S L N L N N Q S H R D R V I G L M M T A C D L C S V T K L W P V T K L T A N D I Y A E F W A E G D E M K K L G I Q P I P M M D R D K K D E V P Q G Q L G F Y N A V A I P C Y T T L T Q I L P P T E P L L K A C R D N L S Q W E K V I R G E E T A T W I </s> Y H H L D L C S V T T A I Y F M G Q G F Y V A W </s> C c 1 c c ( C ) n c ( N ) n 1
4lzs,S M N P P P P E T S N P N K P K R Q T N Q L Q Y L L R V V L K T L W K H Q F A W P F Q Q P V D A V K L N L P D Y Y K I I K T P M D M G T I K K R L E N N Y Y W N A Q E C I Q D F N T M F T N C Y I Y N K P G D D I V L M A E A L E K L F L Q K I N E L P T E E </s> A W P F Q Q P V D L N L Y Y I M D M M F N C Y I Y N K D D I V M A </s> C C c 1 c ( C ( = O ) N C ) [ n H ] c ( C ) c 1 C ( C ) = O
4m0y,W V I D P S E L T F V Q E I G S G Q F G L V H L G Y W L N K D K V A I K T I R E G A M S E E D F I E E A E V M M K L S H P K L V Q L Y G V C L E Q A P I C L V F E F M E H G C L S D Y L R T Q R G L F A A E T L L G M C L D V C E G M A Y L E E A C V I H R D L A A R N C L V G E N Q V I K V S D F G M T R F V L D D Q Y T S S T G T K F P V K W A S P E V F S F S R Y S S K S D V W S F G V L M W E V F S E G K I P Y E N R S N S E V V E D I S T G F R L Y K P R L A S T H V Y Q I M N H C W R E R P E D R P A F S R L L R Q L A E I A E S </s> E I G S G Q F G L V H L G K V A I K V Q V F E F M E H G C L S D R N C L V S D </s> N C ( = O ) N c 1 c n ( - c 2 c c c c 3 c c c c c 2 3 ) n c 1 C ( N ) = O
4m0z,K W V I D P S E L T F V Q E I G S G Q F G L V H L G Y W L N K D K V A I K T I R E G A M S E E D F I E E A E V M M K L S H P K L V Q L Y G V C L E Q A P I C L V F E F M E H G C L S D Y L R T Q R G L F A A E T L L G M C L D V C E G M A Y L E E A C V I H R D L A A R N C L V G E N Q V I K V S D F G M T R F V L D D Q Y T S S T G T K F P V K W A S P E V F S F S R Y S S K S D V W S F G V L M W E V F S E G K I P Y E N R S N S E V V E D I S T G F R L Y K P R L A S T H V Y Q I M N H C W R E R P E D R P A F S R L L R Q L A E I A E S </s> W V K M S E D F I E E A E V M M K L S H L V Q L Y G V L V F E M Y L V I H N L K V S D F G M T R F </s> C O c 1 c c c 2 c c c c ( - n 3 c c ( N C ( N ) = O ) c ( C ( N ) = O ) n 3 ) c 2 c 1
4mgd,S L A L S L T A D Q M V S A L L D A E P P I L Y S E Y D P T R P F S E A S M M G L L T N L A D R E L V H M I N W A K R V P G F V D L T L H D Q V H L L E A W L E I L M I G L V W R S M E H P G K L L F A P N L L L D R N Q G K E G M V E I F D M L L A T S S R F R M M N L Q G E E F V C L K S I I L L N S G V Y T F S T L K S L E E K D H I H R V L D K I T D T L I H L M A K A G L T L Q Q Q H Q R L A Q L L L I L S H I R H M S N K G M E H L Y S M K C K N V V P L S D L L L E M L D A H R L K N S L A L S L T A D Q M V S A L L D A E P P I L Y S E Y D P T R P F S E A S M M G L L T N L A D R E L V H M I N W A K R V P G F V D L T L H D Q V H L L E A W L E I L M I G L V W R S M E H P G K L L F A P N L L L D R N Q G K C V E G M V E I F D M L L A T S S R F R M M N L Q G E E F V C L K S I I L L N S G V Y T F K D H I H R V L D K I T D T L I H L M A K A G L T L Q Q Q H Q R L A Q L L L I L S H I R H M S N K G M E H L Y S M K K N V V P L S D L L L E M L D A H R </s> L M M G L L T N L A D R E L M W L E I L M I G L V R S L L F A L M I F L M K G M H L M V P L S L L L </s> O c 1 c c c ( C ( c 2 c c c ( O ) c c 2 ) C ( C l ) ( C l ) C l ) c c 1
4mme,R E H W A T R L G L I L A M A G Y A V D L G N F L R F P V Q A A E N G G G A F M I P Y I I A F L L V G I P L M W I E W A M G R Y G G A Q G H G T T P A I F Y L L W R N R F A K I L G V F G L W I P L V V A I Y Y V Y I E S W T L G F A I K F L V G L V P E P P T D P D S I L R P F K E F L Y S Y I G V P K G D E P I L K P S L F A Y I V F L I T M F I N V S I L I R G I S K G I E R F A K I A M P T L F I L A V F L V I R V F L L E T P N G T A A D G L N F L W T P D F E K L K D P G V W I A A V G Q I F F S L G L G F G A I I T F A S Y V R K D Q D I V L S G L T A A T L N E K A E V I L G G S I S I P A A V A F F G V A N A V A I A K A G A F N L G F I T L P A I F S Q T A G G T F L G F L W F F L L F F A G L T S S I A G M Q P M I A F L E D E L K L S R K H A V L W T A A I V F F S A H L V M F L N K S L D E M D F W A G T I G V V F F G L T E L I I F F W I F G A D K A W E E I N R G G I I K V P R I Y Y Y V M R Y I T P A F L A V L L V V W A R E Y I P K I M E E T H W T V W I T R F Y I I G L F L F L T F L V F L A E R R R N H E </s> M A G Y A V D L G N R I P L V V A I Y Y V E N G Q I F F S L G L F A I N A G L T S S I A G M Q P M V D A G T V </s> O [ C @ ] 1 ( c 2 c c c ( C l ) c c 2 ) c 2 c c c c c 2 C 2 = [ N + ] 1 C C N 2
4ogj,S M N P P P P E T S N P N K P K R Q T N Q L Q Y L L R V V L K T L W K H Q F A W P F Q Q P V D A V K L N L P D Y Y K I I K T P M D M G T I K K R L E N N Y Y W N A Q E C I Q D F N T M F T N C Y I Y N K P G D D I V L M A E A L E K L F L Q K I N E L P T E E </s> A W P F Q Q P V D K L N L D Y I M D M M F N C Y I Y N K D D I V M A </s> C c 1 c n c ( N c 2 c c c ( O C C [ N H + ] 3 C C C C 3 ) c c 2 ) n c 1 N c 1 c c c c ( S ( = O ) ( = O ) N C ( C ) ( C ) C ) c 1
4owm,P S W P Q I L G R L T D N R D L A R G Q A A W A M D Q I M T G N A R P A Q I A A F A V A M T M K A P T A D E V G E L A G V M L S H A H P L P A D T V P D D A V D V V G T G G D G V N T V N L S T M A A I V V A A A G V P V V K H G N R A A S S L S G G A D T L E A L G V R I D L G P D L V A R S L A E V G I G F C F A P R F H P S Y R H A A A V R R E I G V P T V F N L L G P L T N P A R P R A G L I G C A F A D L A E V M A G V F A A R R S S V L V V H G D D G L D E L T T T T T S T I W R V A A G S V D K L T F D P A G F G F A R A Q L D Q L A G G D A Q A N A A A V R A V L G G A R G P V R D A V V L N A A G A I V A H A G L S S R A E W L P A W E E G L R R A S A A I D T G A A E Q L L A R W V R F G R Q I V P S W P Q I L G R L T D N R D L A R G Q A A W A M D Q I M T G N A R P A Q I A A F A V A M T M K A P T A D E V G E L A G V M L S H A H P L P A D T V P D D A V D V V G T G G D G V N T V N L S T M A A I V V A A A G V P V V K H G N R A A L S G G A D T L E A L G V R I D L G P D L V A R S L A E V G I G F C F A P R F H P S Y R H A A A V R R E I G V P T V F N L L G P L T N P A R P R A G L I G C A F A D L A E V M A G V F A A R R S S V L V V H G D D G L D E L T T T T T S T I W R V A A G S V D K L T F D P A G F G F A R A Q L D Q L A G G D A Q A N A A A V R A V L G G A R G P V R D A V V L N A A G A I V A H A G L S S R A E W L P A W E E G L R R A S A A I D T G A A E Q L L A R W V R F G R Q I L E </s> M M H G N R F A P R F H P S Y R H A A A R R G T </s> N c 1 c ( F ) c c c c 1 C ( = O ) [ O - ]
4pcs,E I P L K Y G A T N E G K R Q D P A M Q K F R D N R L G A F I H W G L Y A I P G G E W N G K V Y G G A A E W L K S W A K V P A D E W L K L M D Q W N P T K F D A K K W A K M A K E M G T K Y V K I T T K H H E G F C L W P S K Y T K Y T V A N T P Y K R D I L G E L V K A Y N D E G I D V H F Y F S V M D W S N P D Y R Y D I K S K E D S I A F S R F L E F T D N Q L K E L A T R Y P T V K D F W F D G T W D A S V K K N G W W T A H A E Q M L K E L V P G V A I N S R L R A D D K G K R H F D S N G R L M G D Y E S G Y E R R L P D P V K D L K V T Q W D W E A C M T I P E N Q W G Y H K D W S L S Y V K T P I E V I D R I V H A V S M G G N M V V N F G P Q A D G D F R P E E K A M A T A I G K W M N R Y G K A V Y A C D Y A G F E K Q D W G Y Y T R G K N D E V Y M V V F N Q P Y S E R L I V K T P K G I T V E K A T L L T T G E D I T V V E T T R N E Y N V S V P K K N P G E P Y V I Q L K V R A A K </s> F I H Y A A E W S W T K H H Y S M W W F D G W R E R C M T N Q W G N </s> C [ C @ @ H ] 1 [ N H 2 + ] [ C @ @ H ] ( C # C c 2 c c c c c 2 ) [ C @ H ] ( O ) [ C @ @ H ] 1 O
4qac,D Y K D D D D K L D R A D I L Y N I R Q T S R P D V I P T Q R D R P V A V S V S L K F I N I L E V N E I T N E V D V V F W Q Q T T W S D R T L A W N S S H S P D Q V S V P I S S L W V P D L A A Y N A I S K P E V L T P Q L A R V V S D G E V L Y M P S I R Q R F S C D V S G V D T E S G A T C R I K I G S W T H H S R E I S V D P T D D S E Y F S Q Y S R F E I L D V T Q K K N S V T Y S C C P E A Y E D V E V S L N F R K K G D K L D R A D I L Y N I R Q T S R P D V I P T Q R D R P V A V S V S L K F I N I L E V N E I T N E V D V V F W Q Q T T W S D R T L A W N S S H S P D Q V S V P I S S L W V P D L A A Y N A I S K P E V L T P Q L A R V V S D G E V L Y M P S I R Q R F S C D V S G V D T E S G A T C R I K I G S W T H H S R E I S V D P T T S D D S E Y F S Q Y S R F E I L D V T Q K K N S V T Y S C C P E A Y E D V E V S L N F R K K G D Y K D D D D K L D R A D I L Y N I R Q T S R P D V I P T Q R D R P V A V S V S L K F I N I L E V N E I T N E V D V V F W Q Q T T W S D R T L A W N S S H S P D Q V S V P I S S L W V P D L A A Y N A I S K P E V L T P Q L A R V V S D G E V L Y M P S I R Q R F S C D V S G V D T E S G A T C R I K I G S W T H H S R E I S V D P T D S E Y F S Q Y S R F E I L D V T Q K K N S V T Y S C C P E A Y E D V E V S L N F R K K G D Y K D D D D K L D R A D I L Y N I R Q T S R P D V I P T Q R D R P V A V S V S L K F I N I L E V N E I T N E V D V V F W Q Q T T W S D R T L A W N S S H S P D Q V S V P I S S L W V P D L A A Y N A I S K P E V L T P Q L A R V V S D G E V L Y M P S I R Q R F S C D V S G V D T E S G A T C R I K I G S W T H H S R E I S V D P T D D S E Y F S Q Y S R F E I L D V T Q K K N S V T Y S C C P E A Y E D V E V S L N F R K K G R S E I Y K D D D D K L D R A D I L Y N I R Q T S R P D V I P T Q R D R P V A V S V S L K F I N I L E V N E I T N E V D V V F W Q Q T T W S D R T L A W N S S H S P D Q V S V P I S S L W V P D L A A Y N A I S K P E V L T P Q L A R V V S D G E V L Y M P S I R Q R F S C D V S G V D T E S G A T C R I K I G S W T H H S R E I S V D P T E N S D D S E Y F S Q Y S R F E I L D V T Q K K N S V T Y S C C P E A Y E D V E V S L N F R K K G </s> D L A A Y N A K I G S W T H H V T Y S C C E A Y E D K F I V F W Q Q T T Q V S V T P L A R V V E V L Y M P S I E Y F </s> C C 1 C C N ( c 2 c c ( - c 3 c c c ( C ( F ) ( F ) F ) c c 3 ) n c ( N ) n 2 ) C C 1
4qd6,G S V I D P S E L T F V Q E I G S G Q F G L V H L G Y W L N K D K V A I K T I S E E D F I E E A E V M M K L S H P K L V Q L Y G V C L E Q A P I C L V F E F M E H G C L S D Y L R T Q R G L F A A E T L L G M C L D V C E G M A Y L E E A C V I H R D L A A R N C L V G E N Q V I K V S D F G M T P V K W A S P E V F S F S R Y S S K S D V W S F G V L M W E V F S E G K I P Y E N R S N S E V V E D I S T G F R L Y K P R L A S T H V Y Q I M N H C W K E R P E D R P A F S R L L R Q L A E I A E S G </s> K V A I K T V Q L Y L V F E F M E H G C L D Y A R N C L V G V S D F G M </s> O = S ( = O ) ( c 1 c c c c c 1 ) c 1 c c ( N c 2 c c ( - c 3 c c c c c 3 ) [ n H ] n 2 ) n c ( N [ C @ @ H ] 2 C C [ C @ @ H ] ( O ) C C 2 ) c 1
4rfm,S V I D P S E L T F V Q E I G S G Q F G L V H L G Y W L N K D K V A I K T I R E G A M S E E D F I E E A E V M M K L S H P K L V Q L Y G V C L E Q A P I C L V F E F M E H G C L S D Y L R T Q R G L F A A E T L L G M C L D V C E G M A Y L E E A S V I H R D L A A R N C L V G E N Q V I K V S D F G M T R F P V K W A S P E V F S F S R Y S S K S D V W S F G V L M W E V F S E G K I P Y E N R S N S E V V E D I S T G F R L Y K P R L A S T H V Y Q I M N H C W K E R P E D R P A F S R L L R Q L A A I A A S </s> Q E I G S G Q F G L V H L G Y K V A I K T I M V Q L L V F E F M E H G C L D Y T Q R N C L V V S D F </s> C [ C @ @ ] 1 2 C c 3 n [ n H ] c ( C ( = O ) N c 4 c n n ( [ C @ H ] ( c 5 c c c c c 5 ) [ C @ H ] 5 C C C C S 5 ( = O ) = O ) c 4 ) c 3 C [ C @ @ H ] 1 C 2 ( F ) F
4tmn,I T G T S T V G V G R G V L G D Q K N I N T T Y S T Y Y Y L Q D N T R G D G I F T Y D A K Y R T T L P G S L W A D A D N Q F F A S Y D A P A V D A H Y Y A G V T Y D Y Y K N V H N R L S Y D G N N A A I R S S V H Y S Q G Y N N A F W N G S E M V Y G D G D G Q T F I P L S G G I D V V A H E L T H A V T D Y T A G L I Y Q N E S G A I N E A I S D I F G T L V E F Y A N K N P D W E I G E D V Y T P G I S G D S L R S M S D P A K Y G D P D H Y S K R Y T G T Q D N G G V H I N S G I I N K A A Y L I S Q G G T H Y G V S V V G I G R D K L G K I F Y R A L T Q Y L T P T S N F S Q L R A A A V Q S A T D L Y G S T S Q E V A S V K Q A F D A V G V K I T G T S T V G V G R G V L G D Q K N I N T T Y S T Y Y Y L Q D N T R G D G I F T Y D A K Y R T T L P G S L W A D A D N Q F F A S Y D A P A V D A H Y Y A G V T Y D Y Y K N V H N R L S Y D G N N A A I R S S V H Y S Q G Y N N A F W N G S E M V Y G D G D G Q T F I P L S G G I D V V A H E L T H A V T D Y T A G L I Y Q N E S G A I N E A I S D I F G T L V E F Y A N K N P D W E I G E D V Y T P G I S G D S L R S M S D P A K Y G D P D H Y S K R Y T G T Q D N G G V H I N S G I I N K A A Y L I S Q G G T H Y G V S V V G I G R D K L G K I F Y R A L T Q Y L T P T S N F S Q L R A A A V Q S A T D L Y G S T S Q E V A S V K Q A F D A V G V K </s> Y Y N N A F W N G S E M V Y G F L G D V V A H E L T H A T D L I Y Q G N E S D I G E V Y L R D N V H I S R T T L S </s> C C ( C ) C [ C @ H ] ( N [ P @ @ ] ( = O ) ( [ O - ] ) [ C @ H ] ( C c 1 c c c c c 1 ) N C ( = O ) O C c 1 c c c c c 1 ) C ( = O ) N [ C @ @ H ] ( C ) C ( = O ) [ O - ]
4twp,D K W E M E R T D I T M K H K L G G G Q Y G E V Y E G V W K K Y S L T V A V K T L E V E E F L K E A A V M K E I K H P N L V Q L L G V C T R E P P F Y I I I E F M T Y G N L L D Y L R E C N R Q E V N A V V L L Y M A T Q I S S A M E Y L E K K N F I H R D L A A R N C L V G E N H L V K V A D F G L S R L M T G D T Y T A H A G A K F P I K W T A P E S L A Y N K F S I K S D V W A F G V L L W E I A T Y G M S P Y P G I D L S Q V Y E L L E K D Y R M E R P E G C P E K V Y E L M R A C W Q W N P S D R P S F A E I H Q A F E T M F Q E S S I S </s> H K L G G G Q Y G E V Y E T V A V K T F E M V Q I I I E F M T Y G N L D H D A A R N C L V K V A D F G L </s> C N C ( = O ) c 1 c c c c c 1 S c 1 c c c 2 c ( / C = C / c 3 c c c c n 3 ) [ n H ] n c 2 c 1
4ty7,I V G G T A S V R G E W P W Q V T L H T T S P T Q R H L C G G S I I G N Q W I L T A A H C F Y G V E S P K I L R V Y S G I L N Q S E I K E D T S F F G V Q E I I I H D Q Y K M A E S G Y D I A L L K L E T T V G Y G D S Q R P I C L P S K G D R N V I Y T D C W V T G W G Y R K L R D K I Q N T L Q K A K I P L V T N E E C Q K R Y R G H K I T H K M I C A G Y R E G G K D A C K G D S G G P L S C K H N E V W H L V G I T S W G E G C A Q R E R P G V Y T N V V E Y V D W I L E K T Q A V </s> I V L H T T Q R H L C G A A H C F Y V Y A D V W G Y L D K I Q Y A K D A C K G D S G G I T S W G E G C A Q R P G V Y </s> N c 1 [ n H ] n c 2 c c ( - c 3 n c ( [ C @ H ] ( C c 4 c c c c c 4 ) N C ( = O ) [ C @ @ H ] 4 C C [ C @ @ H ] ( C [ N H 3 + ] ) C C 4 ) [ n H ] c 3 C l ) c c c 1 2
4u4s,K T V V V T T I L E S P Y V M M K K N H E M L E G N E R Y E G Y C V D L A A E I A K H C G F K Y K L T I V G D G K Y G A R D A D T K I W N G M V G E L V Y G K A D I A I A P L T I T Y V R E E V I D F S K P F M S L G I S I M I K K G T P I E S A E D L S K Q T E I A Y G T L D S G S T K E F F R R S K I A V F D K M W T Y M R S A E P S V F V R T T A E G V A R V R K S K G K Y A Y L L E S T M N E Y I E Q R K P C D T M K V G G N L D S K G Y G I A T P K G S S L G N A V N L A V L K L S E Q G L L D K L K N K W W Y D E C G A N K T V V V T T I L E S P Y V M M K K N H E M L E G N E R Y E G Y C V D L A A E I A K H C G F K Y K L T I V G D G K Y G A R D A D T K I W N G M V G E L V Y G K A D I A I A P L T I T Y V R E E V I D F S K P F M S L G I S I M I K K G T P I E S A E D L S K Q T E I A Y G T L D S G S T K E F F R R S K I A V F D K M W T Y M R S A E P S V F V R T T A E G V A R V R K S K G K Y A Y L L E S T M N E Y I E Q R K P C D T M K V G G N L D S K G Y G I A T P K G S S L G N A V N L A V L K L S E Q G L L D K L K N K W W Y D K G E C G S </s> T I T Y E F S K P F M S L D S K G Y G Y I S K P F M S L S K G Y N V L K L S E L D K </s> C C N 1 C N S ( = O ) ( = O ) c 2 c n c c c 2 1
4w9c,M D V F L M I R R H K T T I F T D A K E S S T V F E L K R I V E G I L K R P P D E Q R L Y K D D Q L L D D G K T L G E G F T S Q T A R P Q A P A T V G L A F R A D D T F E A L I E P F S S P P E L P D V M M Y V K L I S S D G H E F I V K R E H A L T S G T I K A M L S N E V N F R E I P S H V L S K V C M Y F T Y K V R Y T N S S T E I P E F P I A P E I A L E L L M A A N F L D C V L R S V N S R E P S Q V I F N R S P R V V L P V W L N F D G E P Q P Y P T L P P G T G R R I H S Y R G H L W L F R D A G T H D G L L V N Q T E L F V P S L N V D G Q P I F A N I T L P V Y T L K E R C L Q V V R S L V K P E N Y R R L D I V R S L Y E D L E D H P N V Q K D L E R L T </s> S V N R E S Q V F V L P W L N F Q P Y P T L G R R I H S Y R G H L W F P </s> C C ( C ) ( C ) C C ( = O ) N 1 C [ C @ H ] ( O ) C [ C @ H ] 1 C ( = O ) N C c 1 c c c ( - c 2 c n c o 2 ) c c 1
4w9h,M D V F L M I R R H K T T I F T D A K E S S T V F E L K R I V E G I L K R P P D E Q R L Y K D D Q L L D D G K T L G E G F T S Q T A R P Q A P A T V G L A F R A D D T F E A L I E P F S S P P E L P D V M M Y V K L I S S D G H E F I V K R E H A L T S G T I K A M L S N E V N F R E I P S H V L S K V C M Y F T Y K V R Y T N S S T E I P E F P I A P E I A L E L L M A A N F L D V L R S V N S R E P S Q V I F N R S P R V V L P V W L N F D G E P Q P Y P T L P P G T G R R I H S Y R G H L W L F R D A G T H D G L L V N Q T E L F V P S L N V D G Q P I F A N I T L P V Y T L K E R C L Q V V R S L V K P E N Y R R L D I V R S L Y E D L E D H P N V Q K D L E R L T </s> S V N S R E P S V F V L P V W L N F Q P Y P T L P G R R I H S Y R G H L W F P </s> C C ( = O ) N [ C @ H ] ( C ( = O ) N 1 C [ C @ H ] ( O ) C [ C @ H ] 1 C ( = O ) N C c 1 c c c ( - c 2 s c n c 2 C ) c c 1 ) C ( C ) ( C ) C
4w9i,M D V F L M I R R H K T T I F T D A K E S S T V F E L K R I V E G I L K R P P D E Q R L Y K D D Q L L D D G K T L G E G F T S Q T A R P Q A P A T V G L A F R A D D T F E A L I E P F S S P P E L P D V M M Y V K L I S S D G H E F I V K R E H A L T S G T I K A M L S N E V N F R E I P S H V L S K V C M Y F T Y K V R Y T N S S T E I P E F P I A P E I A L E L L M A A N F L D C V L R S V N S R E P S Q V I F N R S P R V V L P V W L N F D G E P Q P Y P T L P P G T G R R I H S Y R G H L W L F R D A G T H D G L L V N Q T E L F V P S L N V D G Q P I F A N I T L P V Y T L K E R C L Q V V R S L V K P E N Y R R L D I V R S L Y E D L E D H P N V Q K D L E R L T </s> S V N S R E S V F V L P V W L N F Q P Y P T L G R R I H S Y R G H L W F P </s> C C ( = O ) N 1 C [ C @ H ] ( O ) C [ C @ H ] 1 C ( = O ) N 1 C [ C @ H ] ( O ) C [ C @ H ] 1 C ( = O ) N C c 1 c c c ( - c 2 s c n c 2 C ) c c 1
4w9l,M D V F L M I R R H K T T I F T D A K E S S T V F E L K R I V E G I L K R P P D E Q R L Y K D D Q L L D D G K T L G E G F T S Q T A R P Q A P A T V G L A F R A D D T F E A L I E P F S S P P E L P D V M M Y V K L I S S D G H E F I V K R E H A L T S G T I K A M L S N E V N F R E I P S H V L S K V C M Y F T Y K V R Y T N S S T E I P E F P I A P E I A L E L L M A A N F L D C V L R S V N S R E P S Q V I F N R S P R V V L P V W L N F D G E P Q P Y P T L P P G T G R R I H S Y R G H L W L F R D A G T H D G L L V N Q T E L F V P S L N V D G Q P I F A N I T L P V Y T L K E R C L Q V V R S L V K P E N Y R R L D I V R S L Y E D L E D H P N V Q K D L E R L T </s> S V N S R E P S V F V L P V W L N F Q P Y P T L G R R I H S Y R G H L W F P </s> C C ( = O ) N [ C @ H ] ( C ( = O ) N [ C @ H ] ( C ( = O ) N 1 C [ C @ H ] ( O ) C [ C @ H ] 1 C ( = O ) N C c 1 c c c ( - c 2 s c n c 2 C ) c c 1 ) C ( C ) ( C ) C ) C ( C ) ( C ) C
4wiv,S M N P P P P E T S N P N K P K R Q T N Q L Q Y L L R V V L K T L W K H Q F A W P F Q Q P V D A V K L N L P D Y Y K I I K T P M D M G T I K K R L E N N Y Y W N A Q E C I Q D F N T M F T N C Y I Y N K P G D D I V L M A E A L E K L F L Q K I N E L P T E E </s> F A W P F Q Q P V D A K L L Y Y I M D M M F N C Y I Y N K D D I V M A L </s> C c 1 n o c ( C ) c 1 - c 1 c c c ( - c 2 [ n H ] c 3 c n c c [ n + ] 3 c 2 N C ( C ) ( C ) C ) c c 1
4x6p,I V G G T A S V R G E W P W Q V T L H T T S P T Q R H L C G G S I I G N Q W I L T A A H C F Y G V E S P K I L R V Y S G I L N Q S E I K E D T S F F G V Q E I I I H D Q Y K M A E S G Y D I A L L K L E T T V N Y T D S Q R P I S L P S K G D R N V I Y T D C W V T G W G Y R K L R D K I Q N T L Q K A K I P L V T N E E C Q K R Y R G H K I T H K M I C A G Y R E G G K D A C K G D S G G P L S C K H N E V W H L V G I T S W G E G C A Q R E R P G V Y T N V V E Y V D W I L E K T Q </s> I V T L H T Q R H L C G A A H C F Y G V Q Y A D V W G Y K L D K I Q I Y I C A K D A C K G D S G G I T S W G E G C A Q R P G V Y T </s> N c 1 n [ n H ] c 2 c c ( - c 3 c [ n H ] c ( [ C @ H ] ( C c 4 c c c c c 4 ) N C ( = O ) / C = C / c 4 c c ( C l ) c c c 4 - n 4 c n n n 4 ) n 3 ) c c c 1 2
5a7b,S V P S Q K T Y Q G S Y G F R L G F L H S G T A K S V T C T Y S P A L N K L F C Q L A K T C P V Q L W V D S T P P P G T R V R A M A I Y K Q S Q H M T E V V R R C P H H E R C S D S D G L A P P Q H L I R V E G N L R A E Y L D D R N T F R H S V V V P C E P P E V G S D C T T I H Y N Y M C Y S S C M G G M N R R P I L T I I T L E D S S G N L L G R D S F E V R V C A C P G R D R R T E E E N L R K </s> Y F R Q L W V D S T P P P G T R V R P C E P P E S D C T T L </s> C # C c 1 c c ( C # C C O c 2 c c c c c 2 ) c c ( C [ N H + ] 2 C C C ( [ N H + ] ( C C ) C C ) C C 2 ) c 1 O
5aba,S V P S Q K T Y Q G S Y G F R L G F L H S G T A K S V T C T Y S P A L N K L F C Q L A K T C P V Q L W V D S T P P P G T R V R A M A I Y K Q S Q H M T E V V R R C P H H E R C S D S D G L A P P Q H L I R V E G N L R A E Y L D D R N T F R H S V V V P C E P P E V G S D C T T I H Y N Y M C Y S S C M G G M N R R P I L T I I T L E D S S G N L L G R D S F E V R V C A C P G R D R R T E E E N L R </s> Y F R Q L W V D S T P P P G T V P C E P P S D C T T L </s> O c 1 c ( B r ) c c ( C l ) c c 1 C [ N H + ] 1 C C C ( [ N H + ] 2 C C C ( O ) C C 2 ) C C 1
5c28,H M S I C T S E E W Q G L M Q F T L P V R L C K E I E L F H F D I G P F E N M W P G I F V Y M V H R S C G T S C F E L E K L C R F I M S V K K N Y R R V P Y H N W K H A V T V A H C M Y A I L Q N N H T L F T D L E R K G L L I A C L C H D L D H R G F S N S Y L Q K F D H P L A A L Y S T S T M E Q H H F S Q T V S I L Q L E G H N I F S T L S S S E Y E Q V L E I I R K A I I A T D L A L Y F G N R K Q L E E M Y Q T G S L N L N N Q S H R D R V I G L M M T A C D L C S V T K L W P V T K L T A N D I Y A E F W A E G D E M K K L G I Q P I P M M D R D K K D E V P Q G Q L G F Y N A V A I P C Y T T L T Q I L P P T E P L L K A C R D N L S Q W E K V I R G E E T </s> Y H H T L T C D L C S V T T T A I Y F W M M V G Q L G F Y V A Y W </s> C c 1 c ( N ) n c ( C 2 C C 2 ) n c 1 C l
5c2h,H M S I C T S E E W Q G L M Q F T L P V R L C K E I E L F H F D I G P F E N M W P G I F V Y M V H R S C G T S C F E L E K L C R F I M S V K K N Y R R V P Y H N W K H A V T V A H C M Y A I L Q N N H T L F T D L E R K G L L I A C L C H D L D H R G F S N S Y L Q K F D H P L A A L Y S T S T M E Q H H F S Q T V S I L Q L E G H N I F S T L S S S E Y E Q V L E I I R K A I I A T D L A L Y F G N R K Q L E E M Y Q T G S L N L N N Q S H R D R V I G L M M T A C D L C S V T K L W P V T K L T A N D I Y A E F W A E G D E M K K L G I Q P I P M M D R D K K D E V P Q G Q L G F Y N A V A I P C Y T T L T Q I L P P T E P L L K A C R D N L S Q W E K V I R G </s> P Y H H D H G F S N E T D L A T C D L C S V T T T A D I Y A E F W E I P M M D R D K K D E V P Q G Q L G F Y V A Y W </s> C c 1 n c ( C ) c ( C N c 2 n c ( O C C C c 3 c c c 4 c c c c c 4 n 3 ) n c ( C l ) c 2 C ) s 1
5dwr,P L E S Q Y Q V G P L L G S G G F G S V Y S G I R V S D N L P V A I K H V E K D R I S D W G E L P N G T R V P M E V V L L K K V S S G F S G V I R L L D W F E R P D S F V L I L E R P E P V Q D L F D F I T E R G A L Q E E L A R S F F W Q V L E A V R H C H N C G V L H R D I K D E N I L I D L N R G E L K L I D F G S G A L L K D T V Y T D F D G T R V Y S P P E W I R Y H R Y H G R S A A V W S L G I L L Y D M V C G D I P F E H D E E I I R G Q V F F R Q R V S E C Q H L I R W C L A L R P S D R P T F E E I Q N H P W M Q D V L L P Q E T A E I H L H S </s> L L G S G G F G S V Y S G P V A I K H E L I R L I L E R P E P V Q D L F D D K D E N I L I K L I D F G S </s> C [ C @ @ H ] 1 C [ C @ H ] ( [ N H 3 + ] ) C [ C @ H ] ( c 2 c c n c c 2 N C ( = O ) c 2 c c c ( F ) c ( - c 3 c ( F ) c c c c 3 F ) n 2 ) C 1
5tmn,I T G T S T V G V G R G V L G D Q K N I N T T Y S T Y Y Y L Q D N T R G D G I F T Y D A K Y R T T L P G S L W A D A D N Q F F A S Y D A P A V D A H Y Y A G V T Y D Y Y K N V H N R L S Y D G N N A A I R S S V H Y S Q G Y N N A F W N G S E M V Y G D G D G Q T F I P L S G G I D V V A H E L T H A V T D Y T A G L I Y Q N E S G A I N E A I S D I F G T L V E F Y A N K N P D W E I G E D V Y T P G I S G D S L R S M S D P A K Y G D P D H Y S K R Y T G T Q D N G G V H I N S G I I N K A A Y L I S Q G G T H Y G V S V V G I G R D K L G K I F Y R A L T Q Y L T P T S N F S Q L R A A A V Q S A T D L Y G S T S Q E V A S V K Q A F D A V G V K I T G T S T V G V G R G V L G D Q K N I N T T Y S T Y Y Y L Q D N T R G D G I F T Y D A K Y R T T L P G S L W A D A D N Q F F A S Y D A P A V D A H Y Y A G V T Y D Y Y K N V H N R L S Y D G N N A A I R S S V H Y S Q G Y N N A F W N G S E M V Y G D G D G Q T F I P L S G G I D V V A H E L T H A V T D Y T A G L I Y Q N E S G A I N E A I S D I F G T L V E F Y A N K N P D W E I G E D V Y T P G I S G D S L R S M S D P A K Y G D P D H Y S K R Y T G T Q D N G G V H I N S G I I N K A A Y L I S Q G G T H Y G V S V V G I G R D K L G K I F Y R A L T Q Y L T P T S N F S Q L R A A A V Q S A T D L Y G S T S Q E V A S V K Q A F D A V G V K </s> Y N N A F W N G S E V Y G T F L G D V V H E L H D Y N E S D I G E V Y L R D N V H I S T L Y </s> C C ( C ) C [ C @ H ] ( N C ( = O ) [ C @ H ] ( C C ( C ) C ) N [ P @ @ ] ( = O ) ( [ O - ] ) C N C ( = O ) O C c 1 c c c c c 1 ) C ( = O ) [ O - ]
